,Player,Profile,Time,Event
0,auffz,Profile-Visual+Weste,2022-12-07 14:27:33.280316,shielded hit
1,auffz,Profile-Visual+Weste,2022-12-07 14:27:33.286317,hp 460
2,auffz,Profile-Visual+Weste,2022-12-07 14:27:33.288318,armor 91
3,auffz,Profile-Visual+Weste,2022-12-07 14:27:33.292318,hp 460
4,auffz,Profile-Visual+Weste,2022-12-07 14:27:33.295320,armor 91
5,auffz,Profile-Visual+Weste,2022-12-07 14:27:33.299321,hp 460
6,auffz,Profile-Visual+Weste,2022-12-07 14:27:33.302321,armor 91
7,auffz,Profile-Visual+Weste,2022-12-07 14:27:33.305321,health_subtracted 0
8,auffz,Profile-Visual+Weste,2022-12-07 14:27:33.732418,weapon_fired 0
9,auffz,Profile-Visual+Weste,2022-12-07 14:27:33.801434,weapon_fired 0
10,auffz,Profile-Visual+Weste,2022-12-07 14:27:33.858447,weapon_fired 0
11,auffz,Profile-Visual+Weste,2022-12-07 14:27:33.939465,weapon_fired 0
12,auffz,Profile-Visual+Weste,2022-12-07 14:27:34.005480,weapon_fired 0
13,auffz,Profile-Visual+Weste,2022-12-07 14:27:35.517692,hp 460
14,auffz,Profile-Visual+Weste,2022-12-07 14:27:35.519692,armor 81
15,auffz,Profile-Visual+Weste,2022-12-07 14:27:35.522693,auto regenerate armor
16,auffz,Profile-Visual+Weste,2022-12-07 14:27:36.223851,weapon_fired 0
17,auffz,Profile-Visual+Weste,2022-12-07 14:27:36.312872,weapon_fired 0
18,auffz,Profile-Visual+Weste,2022-12-07 14:27:36.383888,weapon_fired 0
19,auffz,Profile-Visual+Weste,2022-12-07 14:27:36.456905,weapon_fired 0
20,auffz,Profile-Visual+Weste,2022-12-07 14:27:36.522919,weapon_fired 0
21,auffz,Profile-Visual+Weste,2022-12-07 14:27:36.591935,weapon_fired 1
22,auffz,Profile-Visual+Weste,2022-12-07 14:27:36.598937,killed an enemy
23,auffz,Profile-Visual+Weste,2022-12-07 14:27:36.664952,weapon_fired 0
24,auffz,Profile-Visual+Weste,2022-12-07 14:27:36.742970,weapon_fired 0
25,auffz,Profile-Visual+Weste,2022-12-07 14:27:36.806984,weapon_fired 0
26,auffz,Profile-Visual+Weste,2022-12-07 14:27:36.880000,weapon_fired 0
27,auffz,Profile-Visual+Weste,2022-12-07 14:27:36.943015,weapon_fired 0
28,auffz,Profile-Visual+Weste,2022-12-07 14:27:37.007029,weapon_fired 0
29,auffz,Profile-Visual+Weste,2022-12-07 14:27:37.080046,weapon_fired 0
30,auffz,Profile-Visual+Weste,2022-12-07 14:27:37.156063,weapon_fired 0
31,auffz,Profile-Visual+Weste,2022-12-07 14:27:37.228080,weapon_fired 0
32,auffz,Profile-Visual+Weste,2022-12-07 14:27:37.299096,hp 460
33,auffz,Profile-Visual+Weste,2022-12-07 14:27:37.301096,armor 91
34,auffz,Profile-Visual+Weste,2022-12-07 14:27:37.304097,enemy_headshot
35,auffz,Profile-Visual+Weste,2022-12-07 14:27:37.306098,killed an enemy
36,auffz,Profile-Visual+Weste,2022-12-07 14:27:37.309098,weapon_fired 1
37,auffz,Profile-Visual+Weste,2022-12-07 14:27:41.218030,weapon_fired 0
38,auffz,Profile-Visual+Weste,2022-12-07 14:27:41.247037,stance_crouched 1
39,auffz,Profile-Visual+Weste,2022-12-07 14:27:41.305049,weapon_fired 0
40,auffz,Profile-Visual+Weste,2022-12-07 14:27:41.376066,weapon_fired 0
41,auffz,Profile-Visual+Weste,2022-12-07 14:27:41.434079,weapon_fired 0
42,auffz,Profile-Visual+Weste,2022-12-07 14:27:41.504095,weapon_fired 0
43,auffz,Profile-Visual+Weste,2022-12-07 14:27:41.572111,weapon_fired 0
44,auffz,Profile-Visual+Weste,2022-12-07 14:27:41.636124,weapon_fired 0
45,auffz,Profile-Visual+Weste,2022-12-07 14:27:41.705141,weapon_fired 0
46,auffz,Profile-Visual+Weste,2022-12-07 14:27:41.779157,weapon_fired 0
47,auffz,Profile-Visual+Weste,2022-12-07 14:27:41.864176,weapon_fired 0
48,auffz,Profile-Visual+Weste,2022-12-07 14:27:41.927294,weapon_fired 0
49,auffz,Profile-Visual+Weste,2022-12-07 14:27:41.996309,weapon_fired 0
50,auffz,Profile-Visual+Weste,2022-12-07 14:27:42.556804,stance_crouched 0
51,auffz,Profile-Visual+Weste,2022-12-07 14:27:47.033329,hp 460
52,auffz,Profile-Visual+Weste,2022-12-07 14:27:47.035330,armor 91
53,auffz,Profile-Visual+Weste,2022-12-07 14:27:47.039331,shielded hit
54,auffz,Profile-Visual+Weste,2022-12-07 14:27:47.047333,hp 460
55,auffz,Profile-Visual+Weste,2022-12-07 14:27:47.049333,armor 91
56,auffz,Profile-Visual+Weste,2022-12-07 14:27:47.054334,hp 460
57,auffz,Profile-Visual+Weste,2022-12-07 14:27:47.057335,armor 91
58,auffz,Profile-Visual+Weste,2022-12-07 14:27:47.061336,health_subtracted 0
59,auffz,Profile-Visual+Weste,2022-12-07 14:27:47.379407,weapon_fired 0
60,auffz,Profile-Visual+Weste,2022-12-07 14:27:47.454425,weapon_fired 0
61,auffz,Profile-Visual+Weste,2022-12-07 14:27:47.521440,weapon_fired 0
62,auffz,Profile-Visual+Weste,2022-12-07 14:27:47.569946,weapon_fired 0
63,auffz,Profile-Visual+Weste,2022-12-07 14:27:47.628959,weapon_fired 0
64,auffz,Profile-Visual+Weste,2022-12-07 14:27:47.703976,weapon_fired 0
65,auffz,Profile-Visual+Weste,2022-12-07 14:27:47.794997,weapon_fired 0
66,auffz,Profile-Visual+Weste,2022-12-07 14:27:47.872014,hp 460
67,auffz,Profile-Visual+Weste,2022-12-07 14:27:47.874015,armor 71
68,auffz,Profile-Visual+Weste,2022-12-07 14:27:47.877015,enemy_headshot
69,auffz,Profile-Visual+Weste,2022-12-07 14:27:47.880016,killed an enemy
70,auffz,Profile-Visual+Weste,2022-12-07 14:27:47.884016,weapon_fired 1
71,auffz,Profile-Visual+Weste,2022-12-07 14:27:47.952032,weapon_fired 0
72,auffz,Profile-Visual+Weste,2022-12-07 14:27:48.019450,weapon_fired 0
73,auffz,Profile-Visual+Weste,2022-12-07 14:27:48.086466,weapon_fired 0
74,auffz,Profile-Visual+Weste,2022-12-07 14:27:48.154480,weapon_fired 0
75,auffz,Profile-Visual+Weste,2022-12-07 14:27:48.220496,weapon_fired 0
76,auffz,Profile-Visual+Weste,2022-12-07 14:27:48.276508,weapon_fired 0
77,auffz,Profile-Visual+Weste,2022-12-07 14:27:48.532566,hp 460
78,auffz,Profile-Visual+Weste,2022-12-07 14:27:48.534567,armor 91
79,auffz,Profile-Visual+Weste,2022-12-07 14:27:48.537568,shielded hit
80,auffz,Profile-Visual+Weste,2022-12-07 14:27:48.542569,hp 460
81,auffz,Profile-Visual+Weste,2022-12-07 14:27:48.544569,armor 91
82,auffz,Profile-Visual+Weste,2022-12-07 14:27:48.548570,hp 460
83,auffz,Profile-Visual+Weste,2022-12-07 14:27:48.551571,armor 91
84,auffz,Profile-Visual+Weste,2022-12-07 14:27:48.554571,health_subtracted 0
85,auffz,Profile-Visual+Weste,2022-12-07 14:27:49.193716,weapon_fired 0
86,auffz,Profile-Visual+Weste,2022-12-07 14:27:49.264720,weapon_fired 0
87,auffz,Profile-Visual+Weste,2022-12-07 14:27:49.330735,weapon_fired 0
88,auffz,Profile-Visual+Weste,2022-12-07 14:27:49.406753,weapon_fired 0
89,auffz,Profile-Visual+Weste,2022-12-07 14:27:49.481769,weapon_fired 0
90,auffz,Profile-Visual+Weste,2022-12-07 14:27:49.548785,weapon_fired 0
91,auffz,Profile-Visual+Weste,2022-12-07 14:27:51.010028,hp 460
92,auffz,Profile-Visual+Weste,2022-12-07 14:27:51.012028,armor 86
93,auffz,Profile-Visual+Weste,2022-12-07 14:27:51.015029,auto regenerate armor
94,auffz,Profile-Visual+Weste,2022-12-07 14:27:53.373337,weapon_fired 0
95,auffz,Profile-Visual+Weste,2022-12-07 14:27:53.451353,weapon_fired 0
96,auffz,Profile-Visual+Weste,2022-12-07 14:27:55.308905,hp 460
97,auffz,Profile-Visual+Weste,2022-12-07 14:27:55.310906,armor 91
98,auffz,Profile-Visual+Weste,2022-12-07 14:27:55.313907,shielded hit
99,auffz,Profile-Visual+Weste,2022-12-07 14:27:55.318908,hp 460
100,auffz,Profile-Visual+Weste,2022-12-07 14:27:55.320908,armor 91
101,auffz,Profile-Visual+Weste,2022-12-07 14:27:55.323909,hp 460
102,auffz,Profile-Visual+Weste,2022-12-07 14:27:55.326910,armor 91
103,auffz,Profile-Visual+Weste,2022-12-07 14:27:55.329910,health_subtracted 0
104,auffz,Profile-Visual+Weste,2022-12-07 14:27:56.899693,stance_crouched 1
105,auffz,Profile-Visual+Weste,2022-12-07 14:27:57.797373,hp 460
106,auffz,Profile-Visual+Weste,2022-12-07 14:27:57.799374,armor 81
107,auffz,Profile-Visual+Weste,2022-12-07 14:27:57.802375,auto regenerate armor
108,auffz,Profile-Visual+Weste,2022-12-07 14:27:58.201593,stance_crouched 0
109,auffz,Profile-Visual+Weste,2022-12-07 14:27:59.381861,weapon_fired 0
110,auffz,Profile-Visual+Weste,2022-12-07 14:27:59.459879,weapon_fired 1
111,auffz,Profile-Visual+Weste,2022-12-07 14:27:59.515891,weapon_fired 0
112,auffz,Profile-Visual+Weste,2022-12-07 14:27:59.584907,weapon_fired 0
113,auffz,Profile-Visual+Weste,2022-12-07 14:27:59.659924,killed an enemy
114,auffz,Profile-Visual+Weste,2022-12-07 14:27:59.663924,weapon_fired 1
115,auffz,Profile-Visual+Weste,2022-12-07 14:27:59.727939,weapon_fired 0
116,auffz,Profile-Visual+Weste,2022-12-07 14:27:59.797955,weapon_fired 0
117,auffz,Profile-Visual+Weste,2022-12-07 14:27:59.880974,weapon_fired 0
118,auffz,Profile-Visual+Weste,2022-12-07 14:27:59.935986,weapon_fired 0
119,auffz,Profile-Visual+Weste,2022-12-07 14:28:00.014896,weapon_fired 0
120,auffz,Profile-Visual+Weste,2022-12-07 14:28:00.080310,weapon_fired 0
121,auffz,Profile-Visual+Weste,2022-12-07 14:28:00.146325,weapon_fired 0
122,auffz,Profile-Visual+Weste,2022-12-07 14:28:00.211340,weapon_fired 1
123,auffz,Profile-Visual+Weste,2022-12-07 14:28:00.286357,weapon_fired 0
124,auffz,Profile-Visual+Weste,2022-12-07 14:28:00.363374,weapon_fired 0
125,auffz,Profile-Visual+Weste,2022-12-07 14:28:00.421387,weapon_fired 0
126,auffz,Profile-Visual+Weste,2022-12-07 14:28:01.258643,stance_crouched 0
127,auffz,Profile-Visual+Weste,2022-12-07 14:28:01.701004,shielded hit
128,auffz,Profile-Visual+Weste,2022-12-07 14:28:01.706006,hp 460
129,auffz,Profile-Visual+Weste,2022-12-07 14:28:01.709006,armor 91
130,auffz,Profile-Visual+Weste,2022-12-07 14:28:01.713007,hp 460
131,auffz,Profile-Visual+Weste,2022-12-07 14:28:01.715007,armor 91
132,auffz,Profile-Visual+Weste,2022-12-07 14:28:01.719008,hp 460
133,auffz,Profile-Visual+Weste,2022-12-07 14:28:01.721009,armor 91
134,auffz,Profile-Visual+Weste,2022-12-07 14:28:01.724010,health_subtracted 0
135,auffz,Profile-Visual+Weste,2022-12-07 14:28:02.095093,hp 460
136,auffz,Profile-Visual+Weste,2022-12-07 14:28:02.097094,armor 81
137,auffz,Profile-Visual+Weste,2022-12-07 14:28:02.100095,enemy_headshot
138,auffz,Profile-Visual+Weste,2022-12-07 14:28:02.103096,killed an enemy
139,auffz,Profile-Visual+Weste,2022-12-07 14:28:02.106096,weapon_fired 0
140,auffz,Profile-Visual+Weste,2022-12-07 14:28:02.109097,weapon_fired 1
141,auffz,Profile-Visual+Weste,2022-12-07 14:28:02.195117,hp 460
142,auffz,Profile-Visual+Weste,2022-12-07 14:28:02.197117,armor 87
143,auffz,Profile-Visual+Weste,2022-12-07 14:28:02.200118,shielded hit
144,auffz,Profile-Visual+Weste,2022-12-07 14:28:02.206119,hp 460
145,auffz,Profile-Visual+Weste,2022-12-07 14:28:02.208119,armor 87
146,auffz,Profile-Visual+Weste,2022-12-07 14:28:02.212120,hp 460
147,auffz,Profile-Visual+Weste,2022-12-07 14:28:02.214121,armor 87
148,auffz,Profile-Visual+Weste,2022-12-07 14:28:02.217122,health_subtracted 0
149,auffz,Profile-Visual+Weste,2022-12-07 14:28:02.578203,weapon_fired 0
150,auffz,Profile-Visual+Weste,2022-12-07 14:28:03.047429,weapon_fired 1
151,auffz,Profile-Visual+Weste,2022-12-07 14:28:03.054430,weapon_fired 0
152,auffz,Profile-Visual+Weste,2022-12-07 14:28:03.414512,shielded hit
153,auffz,Profile-Visual+Weste,2022-12-07 14:28:03.421514,hp 460
154,auffz,Profile-Visual+Weste,2022-12-07 14:28:03.424514,armor 87
155,auffz,Profile-Visual+Weste,2022-12-07 14:28:03.429516,hp 460
156,auffz,Profile-Visual+Weste,2022-12-07 14:28:03.432516,armor 87
157,auffz,Profile-Visual+Weste,2022-12-07 14:28:03.435517,hp 460
158,auffz,Profile-Visual+Weste,2022-12-07 14:28:03.437517,armor 87
159,auffz,Profile-Visual+Weste,2022-12-07 14:28:03.442518,health_subtracted 0
160,auffz,Profile-Visual+Weste,2022-12-07 14:28:05.599848,complete_objective Defend_the_winch
161,auffz,Profile-Visual+Weste,2022-12-07 14:28:06.608301,activate_objective Inspect_the_vault
162,auffz,Profile-Visual+Weste,2022-12-07 14:28:07.176334,hp 460
163,auffz,Profile-Visual+Weste,2022-12-07 14:28:07.178334,armor 77
164,auffz,Profile-Visual+Weste,2022-12-07 14:28:07.181335,auto regenerate armor
165,auffz,Profile-Visual+Weste,2022-12-07 14:28:07.206341,stance_crouched 0
166,auffz,Profile-Visual+Weste,2022-12-07 14:28:07.447395,stance_crouched 1
167,auffz,Profile-Visual+Weste,2022-12-07 14:28:08.665730,stance_crouched 0
168,auffz,Profile-Visual+Weste,2022-12-07 14:28:10.953890,weapon_fired 0
169,auffz,Profile-Visual+Weste,2022-12-07 14:28:11.026906,weapon_fired 0
170,auffz,Profile-Visual+Weste,2022-12-07 14:28:11.099922,weapon_fired 0
171,auffz,Profile-Visual+Weste,2022-12-07 14:28:11.167938,weapon_fired 0
172,auffz,Profile-Visual+Weste,2022-12-07 14:28:11.239954,weapon_fired 1
173,auffz,Profile-Visual+Weste,2022-12-07 14:28:11.310970,killed an enemy
174,auffz,Profile-Visual+Weste,2022-12-07 14:28:11.313971,weapon_fired 1
175,auffz,Profile-Visual+Weste,2022-12-07 14:28:11.378985,weapon_fired 0
176,auffz,Profile-Visual+Weste,2022-12-07 14:28:11.447001,weapon_fired 0
177,auffz,Profile-Visual+Weste,2022-12-07 14:28:11.509015,weapon_fired 0
178,auffz,Profile-Visual+Weste,2022-12-07 14:28:11.593034,weapon_fired 0
179,auffz,Profile-Visual+Weste,2022-12-07 14:28:11.645046,weapon_fired 0
180,auffz,Profile-Visual+Weste,2022-12-07 14:28:11.718062,weapon_fired 0
181,auffz,Profile-Visual+Weste,2022-12-07 14:28:11.779076,weapon_fired 0
182,auffz,Profile-Visual+Weste,2022-12-07 14:28:11.847091,weapon_fired 0
183,auffz,Profile-Visual+Weste,2022-12-07 14:28:11.923109,weapon_fired 0
184,auffz,Profile-Visual+Weste,2022-12-07 14:28:12.437027,complete_objective Inspect_the_vault
185,auffz,Profile-Visual+Weste,2022-12-07 14:28:13.459770,activate_objective Blow_up_the_floor
186,auffz,Profile-Visual+Weste,2022-12-07 14:28:15.120714,stance_crouched 0
187,auffz,Profile-Visual+Weste,2022-12-07 14:28:24.382366,hp 460
188,auffz,Profile-Visual+Weste,2022-12-07 14:28:24.384366,armor 91
189,auffz,Profile-Visual+Weste,2022-12-07 14:28:24.391368,hp 460
190,auffz,Profile-Visual+Weste,2022-12-07 14:28:24.394369,armor 91
191,auffz,Profile-Visual+Weste,2022-12-07 14:28:24.397369,shielded hit
192,auffz,Profile-Visual+Weste,2022-12-07 14:28:24.402371,health_subtracted 0
193,auffz,Profile-Visual+Weste,2022-12-07 14:28:24.407372,hp 460
194,auffz,Profile-Visual+Weste,2022-12-07 14:28:24.409372,armor 91
195,auffz,Profile-Visual+Weste,2022-12-07 14:28:25.577513,stance_crouched 0
196,auffz,Profile-Visual+Weste,2022-12-07 14:28:26.754143,hp 460
197,auffz,Profile-Visual+Weste,2022-12-07 14:28:26.757143,armor 81
198,auffz,Profile-Visual+Weste,2022-12-07 14:28:26.761144,auto regenerate armor
199,auffz,Profile-Visual+Weste,2022-12-07 14:28:33.351536,stance_crouched 0
200,auffz,Profile-Visual+Weste,2022-12-07 14:28:34.468856,killed an enemy
201,auffz,Profile-Visual+Weste,2022-12-07 14:28:34.472857,weapon_fired 1
202,auffz,Profile-Visual+Weste,2022-12-07 14:28:34.557877,weapon_fired 1
203,auffz,Profile-Visual+Weste,2022-12-07 14:28:34.626892,weapon_fired 0
204,auffz,Profile-Visual+Weste,2022-12-07 14:28:34.699908,weapon_fired 1
205,auffz,Profile-Visual+Weste,2022-12-07 14:28:34.706910,killed an enemy
206,auffz,Profile-Visual+Weste,2022-12-07 14:28:34.775926,weapon_fired 0
207,auffz,Profile-Visual+Weste,2022-12-07 14:28:34.843941,weapon_fired 0
208,auffz,Profile-Visual+Weste,2022-12-07 14:28:34.904955,weapon_fired 0
209,auffz,Profile-Visual+Weste,2022-12-07 14:28:35.541782,killed an enemy
210,auffz,Profile-Visual+Weste,2022-12-07 14:28:35.545784,weapon_fired 1
211,auffz,Profile-Visual+Weste,2022-12-07 14:28:35.630803,weapon_fired 1
212,auffz,Profile-Visual+Weste,2022-12-07 14:28:35.704225,killed an enemy
213,auffz,Profile-Visual+Weste,2022-12-07 14:28:35.708226,weapon_fired 1
214,auffz,Profile-Visual+Weste,2022-12-07 14:28:35.776746,weapon_fired 0
215,auffz,Profile-Visual+Weste,2022-12-07 14:28:35.844762,weapon_fired 0
216,auffz,Profile-Visual+Weste,2022-12-07 14:28:35.912777,weapon_fired 0
217,auffz,Profile-Visual+Weste,2022-12-07 14:28:35.977792,weapon_fired 0
218,auffz,Profile-Visual+Weste,2022-12-07 14:28:36.043808,weapon_fired 0
219,auffz,Profile-Visual+Weste,2022-12-07 14:28:36.108821,weapon_fired 0
220,auffz,Profile-Visual+Weste,2022-12-07 14:28:36.173837,killed an enemy
221,auffz,Profile-Visual+Weste,2022-12-07 14:28:36.177837,weapon_fired 1
222,auffz,Profile-Visual+Weste,2022-12-07 14:28:36.244852,weapon_fired 0
223,auffz,Profile-Visual+Weste,2022-12-07 14:28:36.309867,weapon_fired 0
224,auffz,Profile-Visual+Weste,2022-12-07 14:28:36.374881,weapon_fired 0
225,auffz,Profile-Visual+Weste,2022-12-07 14:28:36.461243,weapon_fired 0
226,auffz,Profile-Visual+Weste,2022-12-07 14:28:36.527258,weapon_fired 0
227,auffz,Profile-Visual+Weste,2022-12-07 14:28:36.594272,weapon_fired 0
228,auffz,Profile-Visual+Weste,2022-12-07 14:28:36.662287,weapon_fired 0
229,auffz,Profile-Visual+Weste,2022-12-07 14:28:36.741305,weapon_fired 0
230,auffz,Profile-Visual+Weste,2022-12-07 14:28:36.785316,hp 460
231,auffz,Profile-Visual+Weste,2022-12-07 14:28:36.787316,armor 91
232,auffz,Profile-Visual+Weste,2022-12-07 14:28:36.790316,hp 387
233,auffz,Profile-Visual+Weste,2022-12-07 14:28:36.792317,armor 91
234,auffz,Profile-Visual+Weste,2022-12-07 14:28:36.795318,health_subtracted 7.3146
235,auffz,Profile-Visual+Weste,2022-12-07 14:28:36.799319,complete_objective Blow_up_the_floor
236,auffz,Profile-Visual+Weste,2022-12-07 14:28:36.812321,hp 401
237,auffz,Profile-Visual+Weste,2022-12-07 14:28:36.814322,armor 76
238,auffz,Profile-Visual+Weste,2022-12-07 14:28:36.818323,hp 401
239,auffz,Profile-Visual+Weste,2022-12-07 14:28:36.820323,armor 76
240,auffz,Profile-Visual+Weste,2022-12-07 14:28:36.825325,hp 401
241,auffz,Profile-Visual+Weste,2022-12-07 14:28:36.828325,armor 76
242,auffz,Profile-Visual+Weste,2022-12-07 14:28:36.833326,hp 401
243,auffz,Profile-Visual+Weste,2022-12-07 14:28:36.836327,armor 76
244,auffz,Profile-Visual+Weste,2022-12-07 14:28:36.851330,weapon_fired 0
245,auffz,Profile-Visual+Weste,2022-12-07 14:28:36.927347,weapon_fired 0
246,auffz,Profile-Visual+Weste,2022-12-07 14:28:37.577982,stance_crouched 0
247,auffz,Profile-Visual+Weste,2022-12-07 14:28:37.811034,activate_objective Take_the_medallion
248,auffz,Profile-Visual+Weste,2022-12-07 14:28:38.073094,weapon_fired 0
249,auffz,Profile-Visual+Weste,2022-12-07 14:28:38.158113,weapon_fired 0
250,auffz,Profile-Visual+Weste,2022-12-07 14:28:38.229129,weapon_fired 0
251,auffz,Profile-Visual+Weste,2022-12-07 14:28:38.302146,hp 401
252,auffz,Profile-Visual+Weste,2022-12-07 14:28:38.304146,armor 0
253,auffz,Profile-Visual+Weste,2022-12-07 14:28:38.308148,hp 401
254,auffz,Profile-Visual+Weste,2022-12-07 14:28:38.310148,armor 0
255,auffz,Profile-Visual+Weste,2022-12-07 14:28:38.314149,enemy_headshot
256,auffz,Profile-Visual+Weste,2022-12-07 14:28:38.317150,killed an enemy
257,auffz,Profile-Visual+Weste,2022-12-07 14:28:38.320150,weapon_fired 1
258,auffz,Profile-Visual+Weste,2022-12-07 14:28:38.385165,weapon_fired 0
259,auffz,Profile-Visual+Weste,2022-12-07 14:28:38.456846,killed an enemy
260,auffz,Profile-Visual+Weste,2022-12-07 14:28:38.459846,weapon_fired 1
261,auffz,Profile-Visual+Weste,2022-12-07 14:28:38.508857,weapon_fired 0
262,auffz,Profile-Visual+Weste,2022-12-07 14:28:38.576873,weapon_fired 0
263,auffz,Profile-Visual+Weste,2022-12-07 14:28:38.642888,weapon_fired 0
264,auffz,Profile-Visual+Weste,2022-12-07 14:28:38.710903,weapon_fired 0
265,auffz,Profile-Visual+Weste,2022-12-07 14:28:39.150003,weapon_fired 0
266,auffz,Profile-Visual+Weste,2022-12-07 14:28:39.231521,weapon_fired 0
267,auffz,Profile-Visual+Weste,2022-12-07 14:28:39.299537,weapon_fired 1
268,auffz,Profile-Visual+Weste,2022-12-07 14:28:39.370554,killed an enemy
269,auffz,Profile-Visual+Weste,2022-12-07 14:28:39.374554,weapon_fired 1
270,auffz,Profile-Visual+Weste,2022-12-07 14:28:39.456572,weapon_fired 0
271,auffz,Profile-Visual+Weste,2022-12-07 14:28:39.523588,weapon_fired 0
272,auffz,Profile-Visual+Weste,2022-12-07 14:28:39.593603,weapon_fired 0
273,auffz,Profile-Visual+Weste,2022-12-07 14:28:39.658619,weapon_fired 0
274,auffz,Profile-Visual+Weste,2022-12-07 14:28:40.394648,hp 401
275,auffz,Profile-Visual+Weste,2022-12-07 14:28:40.396648,armor 25
276,auffz,Profile-Visual+Weste,2022-12-07 14:28:40.400649,auto regenerate armor
277,auffz,Profile-Visual+Weste,2022-12-07 14:28:41.808971,hp 414
278,auffz,Profile-Visual+Weste,2022-12-07 14:28:41.810972,armor 91
279,auffz,Profile-Visual+Weste,2022-12-07 14:28:41.814973,hp 414
280,auffz,Profile-Visual+Weste,2022-12-07 14:28:41.817973,armor 91
281,auffz,Profile-Visual+Weste,2022-12-07 14:28:41.821974,hp 414
282,auffz,Profile-Visual+Weste,2022-12-07 14:28:41.823975,armor 91
283,auffz,Profile-Visual+Weste,2022-12-07 14:28:41.828976,hp 414
284,auffz,Profile-Visual+Weste,2022-12-07 14:28:41.831977,armor 91
285,auffz,Profile-Visual+Weste,2022-12-07 14:28:43.353034,weapon_fired 0
286,auffz,Profile-Visual+Weste,2022-12-07 14:28:43.446055,weapon_fired 0
287,auffz,Profile-Visual+Weste,2022-12-07 14:28:43.507069,weapon_fired 0
288,auffz,Profile-Visual+Weste,2022-12-07 14:28:43.575339,weapon_fired 0
289,auffz,Profile-Visual+Weste,2022-12-07 14:28:43.824397,weapon_fired 0
290,auffz,Profile-Visual+Weste,2022-12-07 14:28:43.912416,hp 414
291,auffz,Profile-Visual+Weste,2022-12-07 14:28:43.914417,armor 91
292,auffz,Profile-Visual+Weste,2022-12-07 14:28:43.918417,enemy_headshot
293,auffz,Profile-Visual+Weste,2022-12-07 14:28:43.926420,killed an enemy
294,auffz,Profile-Visual+Weste,2022-12-07 14:28:43.930420,weapon_fired 1
295,auffz,Profile-Visual+Weste,2022-12-07 14:28:43.991434,weapon_fired 0
296,auffz,Profile-Visual+Weste,2022-12-07 14:28:44.063450,killed an enemy
297,auffz,Profile-Visual+Weste,2022-12-07 14:28:44.066451,weapon_fired 1
298,auffz,Profile-Visual+Weste,2022-12-07 14:28:44.139468,weapon_fired 0
299,auffz,Profile-Visual+Weste,2022-12-07 14:28:44.202482,weapon_fired 0
300,auffz,Profile-Visual+Weste,2022-12-07 14:28:44.268497,weapon_fired 0
301,auffz,Profile-Visual+Weste,2022-12-07 14:28:44.409712,weapon_fired 0
302,auffz,Profile-Visual+Weste,2022-12-07 14:28:44.496732,weapon_fired 0
303,auffz,Profile-Visual+Weste,2022-12-07 14:28:44.540742,killed an enemy
304,auffz,Profile-Visual+Weste,2022-12-07 14:28:44.544743,weapon_fired 1
305,auffz,Profile-Visual+Weste,2022-12-07 14:28:44.624761,weapon_fired 0
306,auffz,Profile-Visual+Weste,2022-12-07 14:28:44.690776,weapon_fired 0
307,auffz,Profile-Visual+Weste,2022-12-07 14:28:45.617419,weapon_fired 1
308,auffz,Profile-Visual+Weste,2022-12-07 14:28:45.698437,weapon_fired 0
309,auffz,Profile-Visual+Weste,2022-12-07 14:28:45.761452,weapon_fired 0
310,auffz,Profile-Visual+Weste,2022-12-07 14:28:45.831468,weapon_fired 0
311,auffz,Profile-Visual+Weste,2022-12-07 14:28:45.894483,weapon_fired 0
312,auffz,Profile-Visual+Weste,2022-12-07 14:28:46.137373,weapon_fired 0
313,auffz,Profile-Visual+Weste,2022-12-07 14:28:46.220392,weapon_fired 0
314,auffz,Profile-Visual+Weste,2022-12-07 14:28:46.286406,weapon_fired 0
315,auffz,Profile-Visual+Weste,2022-12-07 14:28:46.809816,hp 428
316,auffz,Profile-Visual+Weste,2022-12-07 14:28:46.811817,armor 91
317,auffz,Profile-Visual+Weste,2022-12-07 14:28:46.816818,hp 428
318,auffz,Profile-Visual+Weste,2022-12-07 14:28:46.818819,armor 91
319,auffz,Profile-Visual+Weste,2022-12-07 14:28:46.821819,hp 428
320,auffz,Profile-Visual+Weste,2022-12-07 14:28:46.823820,armor 91
321,auffz,Profile-Visual+Weste,2022-12-07 14:28:46.828821,hp 428
322,auffz,Profile-Visual+Weste,2022-12-07 14:28:46.831821,armor 91
323,auffz,Profile-Visual+Weste,2022-12-07 14:28:47.116130,hp 428
324,auffz,Profile-Visual+Weste,2022-12-07 14:28:47.118131,armor 91
325,auffz,Profile-Visual+Weste,2022-12-07 14:28:47.122132,shielded hit
326,auffz,Profile-Visual+Weste,2022-12-07 14:28:47.128133,hp 428
327,auffz,Profile-Visual+Weste,2022-12-07 14:28:47.131133,armor 91
328,auffz,Profile-Visual+Weste,2022-12-07 14:28:47.134134,hp 428
329,auffz,Profile-Visual+Weste,2022-12-07 14:28:47.136135,armor 91
330,auffz,Profile-Visual+Weste,2022-12-07 14:28:47.139136,health_subtracted 0
331,auffz,Profile-Visual+Weste,2022-12-07 14:28:47.175144,stance_crouched 0
332,auffz,Profile-Visual+Weste,2022-12-07 14:28:47.984897,enemy_headshot
333,auffz,Profile-Visual+Weste,2022-12-07 14:28:47.987898,killed an enemy
334,auffz,Profile-Visual+Weste,2022-12-07 14:28:47.991898,hp 428
335,auffz,Profile-Visual+Weste,2022-12-07 14:28:47.993900,armor 61
336,auffz,Profile-Visual+Weste,2022-12-07 14:28:47.997900,weapon_fired 0
337,auffz,Profile-Visual+Weste,2022-12-07 14:28:49.564628,hp 428
338,auffz,Profile-Visual+Weste,2022-12-07 14:28:49.567629,armor 86
339,auffz,Profile-Visual+Weste,2022-12-07 14:28:49.571629,auto regenerate armor
340,auffz,Profile-Visual+Weste,2022-12-07 14:28:49.982723,weapon_fired 0
341,auffz,Profile-Visual+Weste,2022-12-07 14:28:50.395825,shielded hit
342,auffz,Profile-Visual+Weste,2022-12-07 14:28:50.402827,hp 428
343,auffz,Profile-Visual+Weste,2022-12-07 14:28:50.404827,armor 91
344,auffz,Profile-Visual+Weste,2022-12-07 14:28:50.407828,hp 428
345,auffz,Profile-Visual+Weste,2022-12-07 14:28:50.409829,armor 91
346,auffz,Profile-Visual+Weste,2022-12-07 14:28:50.413830,hp 428
347,auffz,Profile-Visual+Weste,2022-12-07 14:28:50.415830,armor 91
348,auffz,Profile-Visual+Weste,2022-12-07 14:28:50.418831,health_subtracted 0
349,auffz,Profile-Visual+Weste,2022-12-07 14:28:50.429833,weapon_fired 0
350,auffz,Profile-Visual+Weste,2022-12-07 14:28:50.864082,hp 428
351,auffz,Profile-Visual+Weste,2022-12-07 14:28:50.867083,armor 81
352,auffz,Profile-Visual+Weste,2022-12-07 14:28:50.871083,shielded hit
353,auffz,Profile-Visual+Weste,2022-12-07 14:28:50.877085,hp 428
354,auffz,Profile-Visual+Weste,2022-12-07 14:28:50.880085,armor 81
355,auffz,Profile-Visual+Weste,2022-12-07 14:28:50.883086,hp 428
356,auffz,Profile-Visual+Weste,2022-12-07 14:28:50.885087,armor 81
357,auffz,Profile-Visual+Weste,2022-12-07 14:28:50.888087,health_subtracted 0
358,auffz,Profile-Visual+Weste,2022-12-07 14:28:51.804754,stance_crouched 0
359,auffz,Profile-Visual+Weste,2022-12-07 14:28:51.825759,hp 442
360,auffz,Profile-Visual+Weste,2022-12-07 14:28:51.827759,armor 71
361,auffz,Profile-Visual+Weste,2022-12-07 14:28:51.832760,hp 442
362,auffz,Profile-Visual+Weste,2022-12-07 14:28:51.835761,armor 71
363,auffz,Profile-Visual+Weste,2022-12-07 14:28:51.838762,hp 442
364,auffz,Profile-Visual+Weste,2022-12-07 14:28:51.841762,armor 71
365,auffz,Profile-Visual+Weste,2022-12-07 14:28:51.846763,hp 442
366,auffz,Profile-Visual+Weste,2022-12-07 14:28:51.848764,armor 71
367,auffz,Profile-Visual+Weste,2022-12-07 14:28:53.347260,hp 442
368,auffz,Profile-Visual+Weste,2022-12-07 14:28:53.349261,armor 71
369,auffz,Profile-Visual+Weste,2022-12-07 14:28:53.353262,auto regenerate armor
370,auffz,Profile-Visual+Weste,2022-12-07 14:28:55.777143,stance_crouched 1
371,auffz,Profile-Visual+Weste,2022-12-07 14:28:56.814100,hp 456
372,auffz,Profile-Visual+Weste,2022-12-07 14:28:56.816101,armor 91
373,auffz,Profile-Visual+Weste,2022-12-07 14:28:56.820101,hp 456
374,auffz,Profile-Visual+Weste,2022-12-07 14:28:56.822103,armor 91
375,auffz,Profile-Visual+Weste,2022-12-07 14:28:56.825103,hp 456
376,auffz,Profile-Visual+Weste,2022-12-07 14:28:56.828104,armor 91
377,auffz,Profile-Visual+Weste,2022-12-07 14:28:56.833104,hp 456
378,auffz,Profile-Visual+Weste,2022-12-07 14:28:56.836105,armor 91
379,auffz,Profile-Visual+Weste,2022-12-07 14:28:58.432435,hp 456
380,auffz,Profile-Visual+Weste,2022-12-07 14:28:58.434435,armor 91
381,auffz,Profile-Visual+Weste,2022-12-07 14:28:58.438437,auto regenerate armor
382,auffz,Profile-Visual+Weste,2022-12-07 14:29:01.826389,hp 460
383,auffz,Profile-Visual+Weste,2022-12-07 14:29:01.829391,armor 91
384,auffz,Profile-Visual+Weste,2022-12-07 14:29:01.834390,hp 460
385,auffz,Profile-Visual+Weste,2022-12-07 14:29:01.837392,armor 91
386,auffz,Profile-Visual+Weste,2022-12-07 14:29:01.842392,hp 460
387,auffz,Profile-Visual+Weste,2022-12-07 14:29:01.844392,armor 91
388,auffz,Profile-Visual+Weste,2022-12-07 14:29:01.849393,hp 460
389,auffz,Profile-Visual+Weste,2022-12-07 14:29:01.851394,armor 91
390,auffz,Profile-Visual+Weste,2022-12-07 14:29:12.135569,hp 460
391,auffz,Profile-Visual+Weste,2022-12-07 14:29:12.137570,armor 91
392,auffz,Profile-Visual+Weste,2022-12-07 14:29:12.140570,shielded hit
393,auffz,Profile-Visual+Weste,2022-12-07 14:29:12.145572,hp 460
394,auffz,Profile-Visual+Weste,2022-12-07 14:29:12.148572,armor 91
395,auffz,Profile-Visual+Weste,2022-12-07 14:29:12.152573,hp 460
396,auffz,Profile-Visual+Weste,2022-12-07 14:29:12.154574,armor 91
397,auffz,Profile-Visual+Weste,2022-12-07 14:29:12.157574,health_subtracted 0
398,auffz,Profile-Visual+Weste,2022-12-07 14:29:12.637021,hp 460
399,auffz,Profile-Visual+Weste,2022-12-07 14:29:12.639022,armor 86
400,auffz,Profile-Visual+Weste,2022-12-07 14:29:12.642022,shielded hit
401,auffz,Profile-Visual+Weste,2022-12-07 14:29:12.647024,hp 460
402,auffz,Profile-Visual+Weste,2022-12-07 14:29:12.650024,armor 86
403,auffz,Profile-Visual+Weste,2022-12-07 14:29:12.653025,hp 460
404,auffz,Profile-Visual+Weste,2022-12-07 14:29:12.655025,armor 86
405,auffz,Profile-Visual+Weste,2022-12-07 14:29:12.658026,health_subtracted 0
406,auffz,Profile-Visual+Weste,2022-12-07 14:29:13.278168,hp 460
407,auffz,Profile-Visual+Weste,2022-12-07 14:29:13.280167,armor 76
408,auffz,Profile-Visual+Weste,2022-12-07 14:29:13.284168,shielded hit
409,auffz,Profile-Visual+Weste,2022-12-07 14:29:13.289169,hp 460
410,auffz,Profile-Visual+Weste,2022-12-07 14:29:13.291170,armor 76
411,auffz,Profile-Visual+Weste,2022-12-07 14:29:13.294170,hp 460
412,auffz,Profile-Visual+Weste,2022-12-07 14:29:13.296171,armor 76
413,auffz,Profile-Visual+Weste,2022-12-07 14:29:13.301172,health_subtracted 0
414,auffz,Profile-Visual+Weste,2022-12-07 14:29:15.753790,hp 460
415,auffz,Profile-Visual+Weste,2022-12-07 14:29:15.755790,armor 66
416,auffz,Profile-Visual+Weste,2022-12-07 14:29:15.759792,auto regenerate armor
417,auffz,Profile-Visual+Weste,2022-12-07 14:29:16.976704,hp 460
418,auffz,Profile-Visual+Weste,2022-12-07 14:29:16.978704,armor 91
419,auffz,Profile-Visual+Weste,2022-12-07 14:29:16.983705,shielded hit
420,auffz,Profile-Visual+Weste,2022-12-07 14:29:16.987708,hp 460
421,auffz,Profile-Visual+Weste,2022-12-07 14:29:16.990707,armor 91
422,auffz,Profile-Visual+Weste,2022-12-07 14:29:16.993707,hp 460
423,auffz,Profile-Visual+Weste,2022-12-07 14:29:16.995708,armor 91
424,auffz,Profile-Visual+Weste,2022-12-07 14:29:16.999709,health_subtracted 0
425,auffz,Profile-Visual+Weste,2022-12-07 14:29:17.424701,weapon_fired 0
426,auffz,Profile-Visual+Weste,2022-12-07 14:29:17.489716,weapon_fired 0
427,auffz,Profile-Visual+Weste,2022-12-07 14:29:17.550655,weapon_fired 0
428,auffz,Profile-Visual+Weste,2022-12-07 14:29:17.630673,weapon_fired 0
429,auffz,Profile-Visual+Weste,2022-12-07 14:29:17.699688,weapon_fired 0
430,auffz,Profile-Visual+Weste,2022-12-07 14:29:17.775705,weapon_fired 0
431,auffz,Profile-Visual+Weste,2022-12-07 14:29:17.855723,weapon_fired 0
432,auffz,Profile-Visual+Weste,2022-12-07 14:29:17.936742,weapon_fired 0
433,auffz,Profile-Visual+Weste,2022-12-07 14:29:17.993114,weapon_fired 0
434,auffz,Profile-Visual+Weste,2022-12-07 14:29:18.071132,weapon_fired 0
435,auffz,Profile-Visual+Weste,2022-12-07 14:29:18.140148,weapon_fired 0
436,auffz,Profile-Visual+Weste,2022-12-07 14:29:18.191160,weapon_fired 0
437,auffz,Profile-Visual+Weste,2022-12-07 14:29:18.262175,weapon_fired 0
438,auffz,Profile-Visual+Weste,2022-12-07 14:29:18.324189,weapon_fired 0
439,auffz,Profile-Visual+Weste,2022-12-07 14:29:18.410209,weapon_fired 0
440,auffz,Profile-Visual+Weste,2022-12-07 14:29:18.476224,weapon_fired 0
441,auffz,Profile-Visual+Weste,2022-12-07 14:29:18.536238,weapon_fired 0
442,auffz,Profile-Visual+Weste,2022-12-07 14:29:18.609255,weapon_fired 0
443,auffz,Profile-Visual+Weste,2022-12-07 14:29:18.691273,weapon_fired 0
444,auffz,Profile-Visual+Weste,2022-12-07 14:29:18.738283,weapon_fired 0
445,auffz,Profile-Visual+Weste,2022-12-07 14:29:18.809300,weapon_fired 0
446,auffz,Profile-Visual+Weste,2022-12-07 14:29:19.105366,hp 460
447,auffz,Profile-Visual+Weste,2022-12-07 14:29:19.107367,armor 83
448,auffz,Profile-Visual+Weste,2022-12-07 14:29:19.110368,auto regenerate armor
449,auffz,Profile-Visual+Weste,2022-12-07 14:29:21.490997,stance_crouched 0
450,auffz,Profile-Visual+Weste,2022-12-07 14:29:22.215275,stance_crouched 1
451,auffz,Profile-Visual+Weste,2022-12-07 14:29:24.975583,complete_objective Take_the_medallion
452,auffz,Profile-Visual+Weste,2022-12-07 14:29:26.010160,stance_crouched 0
453,auffz,Profile-Visual+Weste,2022-12-07 14:29:26.025163,activate_objective Wait_for_the_van
454,auffz,Profile-Visual+Weste,2022-12-07 14:29:27.582014,stance_crouched 0
455,auffz,Profile-Visual+Weste,2022-12-07 14:29:30.165012,weapon_fired 0
456,auffz,Profile-Visual+Weste,2022-12-07 14:29:30.237936,hp 460
457,auffz,Profile-Visual+Weste,2022-12-07 14:29:30.239936,armor 91
458,auffz,Profile-Visual+Weste,2022-12-07 14:29:30.242937,enemy_headshot
459,auffz,Profile-Visual+Weste,2022-12-07 14:29:30.246938,killed an enemy
460,auffz,Profile-Visual+Weste,2022-12-07 14:29:30.249938,weapon_fired 1
461,auffz,Profile-Visual+Weste,2022-12-07 14:29:30.312953,weapon_fired 0
462,auffz,Profile-Visual+Weste,2022-12-07 14:29:30.390971,weapon_fired 0
463,auffz,Profile-Visual+Weste,2022-12-07 14:29:30.462987,weapon_fired 0
464,auffz,Profile-Visual+Weste,2022-12-07 14:29:30.550007,weapon_fired 0
465,auffz,Profile-Visual+Weste,2022-12-07 14:29:32.327636,weapon_fired 0
466,auffz,Profile-Visual+Weste,2022-12-07 14:29:32.412655,weapon_fired 0
467,auffz,Profile-Visual+Weste,2022-12-07 14:29:32.469668,weapon_fired 1
468,auffz,Profile-Visual+Weste,2022-12-07 14:29:32.532922,weapon_fired 0
469,auffz,Profile-Visual+Weste,2022-12-07 14:29:32.609939,weapon_fired 0
470,auffz,Profile-Visual+Weste,2022-12-07 14:29:32.671953,weapon_fired 0
471,auffz,Profile-Visual+Weste,2022-12-07 14:29:32.677955,hp 460
472,auffz,Profile-Visual+Weste,2022-12-07 14:29:32.680955,armor 91
473,auffz,Profile-Visual+Weste,2022-12-07 14:29:32.683956,shielded hit
474,auffz,Profile-Visual+Weste,2022-12-07 14:29:32.689958,hp 460
475,auffz,Profile-Visual+Weste,2022-12-07 14:29:32.692958,armor 91
476,auffz,Profile-Visual+Weste,2022-12-07 14:29:32.695959,hp 460
477,auffz,Profile-Visual+Weste,2022-12-07 14:29:32.697959,armor 91
478,auffz,Profile-Visual+Weste,2022-12-07 14:29:32.700960,health_subtracted 0
479,auffz,Profile-Visual+Weste,2022-12-07 14:29:32.782342,weapon_fired 0
480,auffz,Profile-Visual+Weste,2022-12-07 14:29:32.846120,weapon_fired 0
481,auffz,Profile-Visual+Weste,2022-12-07 14:29:32.929138,weapon_fired 0
482,auffz,Profile-Visual+Weste,2022-12-07 14:29:33.095176,weapon_fired 0
483,auffz,Profile-Visual+Weste,2022-12-07 14:29:34.069397,hp 460
484,auffz,Profile-Visual+Weste,2022-12-07 14:29:34.071397,armor 61
485,auffz,Profile-Visual+Weste,2022-12-07 14:29:34.074398,shielded hit
486,auffz,Profile-Visual+Weste,2022-12-07 14:29:34.079399,hp 460
487,auffz,Profile-Visual+Weste,2022-12-07 14:29:34.082400,armor 61
488,auffz,Profile-Visual+Weste,2022-12-07 14:29:34.086401,hp 460
489,auffz,Profile-Visual+Weste,2022-12-07 14:29:34.088402,armor 61
490,auffz,Profile-Visual+Weste,2022-12-07 14:29:34.092402,health_subtracted 0
491,auffz,Profile-Visual+Weste,2022-12-07 14:29:34.431915,stance_crouched 0
492,auffz,Profile-Visual+Weste,2022-12-07 14:29:35.809878,weapon_fired 0
493,auffz,Profile-Visual+Weste,2022-12-07 14:29:37.129997,killed an enemy
494,auffz,Profile-Visual+Weste,2022-12-07 14:29:37.133998,weapon_fired 0
495,auffz,Profile-Visual+Weste,2022-12-07 14:29:37.138999,weapon_fired 1
496,auffz,Profile-Visual+Weste,2022-12-07 14:29:37.230020,auto regenerate armor
497,auffz,Profile-Visual+Weste,2022-12-07 14:29:37.233021,hp 460
498,auffz,Profile-Visual+Weste,2022-12-07 14:29:37.237022,armor 57
499,auffz,Profile-Visual+Weste,2022-12-07 14:29:37.804479,hp 460
500,auffz,Profile-Visual+Weste,2022-12-07 14:29:37.806480,armor 91
501,auffz,Profile-Visual+Weste,2022-12-07 14:29:37.810481,shielded hit
502,auffz,Profile-Visual+Weste,2022-12-07 14:29:37.816482,hp 460
503,auffz,Profile-Visual+Weste,2022-12-07 14:29:37.818483,armor 91
504,auffz,Profile-Visual+Weste,2022-12-07 14:29:37.832486,hp 460
505,auffz,Profile-Visual+Weste,2022-12-07 14:29:37.835487,armor 91
506,auffz,Profile-Visual+Weste,2022-12-07 14:29:37.838488,health_subtracted 0
507,auffz,Profile-Visual+Weste,2022-12-07 14:29:38.853157,stance_crouched 1
508,auffz,Profile-Visual+Weste,2022-12-07 14:29:40.264429,stance_crouched 1
509,auffz,Profile-Visual+Weste,2022-12-07 14:29:40.305439,hp 460
510,auffz,Profile-Visual+Weste,2022-12-07 14:29:40.307439,armor 83
511,auffz,Profile-Visual+Weste,2022-12-07 14:29:40.311441,auto regenerate armor
512,auffz,Profile-Visual+Weste,2022-12-07 14:29:41.154709,stance_crouched 1
513,auffz,Profile-Visual+Weste,2022-12-07 14:29:41.477336,stance_crouched 1
514,auffz,Profile-Visual+Weste,2022-12-07 14:29:42.377093,stance_crouched 1
515,auffz,Profile-Visual+Weste,2022-12-07 14:29:44.573726,weapon_fired 1
516,auffz,Profile-Visual+Weste,2022-12-07 14:29:44.580727,weapon_fired 0
517,auffz,Profile-Visual+Weste,2022-12-07 14:29:44.979810,complete_objective Wait_for_the_van
518,auffz,Profile-Visual+Weste,2022-12-07 14:29:45.353303,weapon_fired 0
519,auffz,Profile-Visual+Weste,2022-12-07 14:29:45.358304,weapon_fired 1
520,auffz,Profile-Visual+Weste,2022-12-07 14:29:45.968465,activate_objective Loot_more_or_escape
521,auffz,Profile-Visual+Weste,2022-12-07 14:29:46.581604,stance_crouched 1
522,auffz,Profile-Visual+Weste,2022-12-07 14:29:47.812379,stance_crouched 0
523,auffz,Profile-Visual+Weste,2022-12-07 14:29:49.115133,stance_crouched 1
524,auffz,Profile-Visual+Weste,2022-12-07 14:29:49.972504,stance_crouched 1
525,auffz,Profile-Visual+Weste,2022-12-07 14:29:50.194555,stance_crouched 0
526,auffz,Profile-Visual+Weste,2022-12-07 14:29:50.884780,weapon_fired 0
527,auffz,Profile-Visual+Weste,2022-12-07 14:29:50.959797,weapon_fired 0
528,auffz,Profile-Visual+Weste,2022-12-07 14:29:51.043816,weapon_fired 1
529,auffz,Profile-Visual+Weste,2022-12-07 14:29:51.102829,killed an enemy
530,auffz,Profile-Visual+Weste,2022-12-07 14:29:51.115832,weapon_fired 1
531,auffz,Profile-Visual+Weste,2022-12-07 14:29:51.190849,weapon_fired 0
532,auffz,Profile-Visual+Weste,2022-12-07 14:29:51.252863,weapon_fired 0
533,auffz,Profile-Visual+Weste,2022-12-07 14:29:51.320879,weapon_fired 0
534,auffz,Profile-Visual+Weste,2022-12-07 14:29:51.400897,weapon_fired 0
535,auffz,Profile-Visual+Weste,2022-12-07 14:29:51.468912,weapon_fired 0
536,auffz,Profile-Visual+Weste,2022-12-07 14:29:51.913764,hp 460
537,auffz,Profile-Visual+Weste,2022-12-07 14:29:51.916764,armor 91
538,auffz,Profile-Visual+Weste,2022-12-07 14:29:51.920765,auto regenerate armor
539,auffz,Profile-Visual+Weste,2022-12-07 14:29:52.045794,weapon_fired 0
540,auffz,Profile-Visual+Weste,2022-12-07 14:29:52.126812,weapon_fired 0
541,auffz,Profile-Visual+Weste,2022-12-07 14:29:52.192827,weapon_fired 0
542,auffz,Profile-Visual+Weste,2022-12-07 14:29:52.272845,weapon_fired 0
543,auffz,Profile-Visual+Weste,2022-12-07 14:29:52.345862,weapon_fired 0
544,auffz,Profile-Visual+Weste,2022-12-07 14:29:52.368867,hp 460
545,auffz,Profile-Visual+Weste,2022-12-07 14:29:52.370868,armor 91
546,auffz,Profile-Visual+Weste,2022-12-07 14:29:52.373868,shielded hit
547,auffz,Profile-Visual+Weste,2022-12-07 14:29:52.379870,hp 460
548,auffz,Profile-Visual+Weste,2022-12-07 14:29:52.382870,armor 91
549,auffz,Profile-Visual+Weste,2022-12-07 14:29:52.385870,hp 460
550,auffz,Profile-Visual+Weste,2022-12-07 14:29:52.387871,armor 91
551,auffz,Profile-Visual+Weste,2022-12-07 14:29:52.390872,health_subtracted 0
552,auffz,Profile-Visual+Weste,2022-12-07 14:29:52.419878,weapon_fired 0
553,auffz,Profile-Visual+Weste,2022-12-07 14:29:52.488895,weapon_fired 1
554,auffz,Profile-Visual+Weste,2022-12-07 14:29:52.550909,weapon_fired 1
555,auffz,Profile-Visual+Weste,2022-12-07 14:29:52.556909,killed an enemy
556,auffz,Profile-Visual+Weste,2022-12-07 14:29:52.643929,weapon_fired 0
557,auffz,Profile-Visual+Weste,2022-12-07 14:29:52.709944,weapon_fired 0
558,auffz,Profile-Visual+Weste,2022-12-07 14:29:52.774959,weapon_fired 0
559,auffz,Profile-Visual+Weste,2022-12-07 14:29:52.849976,weapon_fired 0
560,auffz,Profile-Visual+Weste,2022-12-07 14:29:52.911990,killed an enemy
561,auffz,Profile-Visual+Weste,2022-12-07 14:29:52.915991,weapon_fired 1
562,auffz,Profile-Visual+Weste,2022-12-07 14:29:52.985006,weapon_fired 0
563,auffz,Profile-Visual+Weste,2022-12-07 14:29:53.050022,weapon_fired 0
564,auffz,Profile-Visual+Weste,2022-12-07 14:29:53.120037,weapon_fired 0
565,auffz,Profile-Visual+Weste,2022-12-07 14:29:53.189053,weapon_fired 0
566,auffz,Profile-Visual+Weste,2022-12-07 14:29:53.256466,weapon_fired 0
567,auffz,Profile-Visual+Weste,2022-12-07 14:29:53.321482,weapon_fired 0
568,auffz,Profile-Visual+Weste,2022-12-07 14:29:53.995634,stance_crouched 0
569,auffz,Profile-Visual+Weste,2022-12-07 14:29:54.622777,stance_crouched 0
570,auffz,Profile-Visual+Weste,2022-12-07 14:29:54.694793,hp 460
571,auffz,Profile-Visual+Weste,2022-12-07 14:29:54.696793,armor 87
572,auffz,Profile-Visual+Weste,2022-12-07 14:29:54.699794,auto regenerate armor
573,auffz,Profile-Visual+Weste,2022-12-07 14:29:55.685733,weapon_fired 0
574,auffz,Profile-Visual+Weste,2022-12-07 14:29:55.691735,killed an enemy
575,auffz,Profile-Visual+Weste,2022-12-07 14:29:58.833812,hp 460
576,auffz,Profile-Visual+Weste,2022-12-07 14:29:58.836339,armor 91
577,auffz,Profile-Visual+Weste,2022-12-07 14:29:58.840428,shielded hit
578,auffz,Profile-Visual+Weste,2022-12-07 14:29:58.846420,hp 460
579,auffz,Profile-Visual+Weste,2022-12-07 14:29:58.848421,armor 91
580,auffz,Profile-Visual+Weste,2022-12-07 14:29:58.855422,hp 460
581,auffz,Profile-Visual+Weste,2022-12-07 14:29:58.857423,armor 91
582,auffz,Profile-Visual+Weste,2022-12-07 14:29:58.860424,health_subtracted 0
583,auffz,Profile-Visual+Weste,2022-12-07 14:29:59.061977,stance_crouched 0
584,auffz,Profile-Visual+Weste,2022-12-07 14:29:59.596098,hp 460
585,auffz,Profile-Visual+Weste,2022-12-07 14:29:59.598098,armor 83
586,auffz,Profile-Visual+Weste,2022-12-07 14:29:59.602099,shielded hit
587,auffz,Profile-Visual+Weste,2022-12-07 14:29:59.608101,hp 460
588,auffz,Profile-Visual+Weste,2022-12-07 14:29:59.610101,armor 83
589,auffz,Profile-Visual+Weste,2022-12-07 14:29:59.614102,hp 460
590,auffz,Profile-Visual+Weste,2022-12-07 14:29:59.616102,armor 83
591,auffz,Profile-Visual+Weste,2022-12-07 14:29:59.620103,health_subtracted 0
592,auffz,Profile-Visual+Weste,2022-12-07 14:29:59.695120,stance_crouched 0
593,auffz,Profile-Visual+Weste,2022-12-07 14:29:59.936491,killed an enemy
594,auffz,Profile-Visual+Weste,2022-12-07 14:30:00.340098,stance_crouched 0
595,auffz,Profile-Visual+Weste,2022-12-07 14:30:00.932232,stance_crouched 0
596,auffz,Profile-Visual+Weste,2022-12-07 14:30:01.459352,stance_crouched 0
597,auffz,Profile-Visual+Weste,2022-12-07 14:30:02.114810,hp 460
598,auffz,Profile-Visual+Weste,2022-12-07 14:30:02.116810,armor 63
599,auffz,Profile-Visual+Weste,2022-12-07 14:30:02.120811,auto regenerate armor
600,auffz,Profile-Visual+Weste,2022-12-07 14:30:02.551909,stance_crouched 0
601,auffz,Profile-Visual+Weste,2022-12-07 14:30:02.692941,hp 460
602,auffz,Profile-Visual+Weste,2022-12-07 14:30:02.694941,armor 91
603,auffz,Profile-Visual+Weste,2022-12-07 14:30:02.697942,enemy_headshot
604,auffz,Profile-Visual+Weste,2022-12-07 14:30:02.701943,killed an enemy
605,auffz,Profile-Visual+Weste,2022-12-07 14:30:02.705944,killed an enemy
606,auffz,Profile-Visual+Weste,2022-12-07 14:30:02.708944,weapon_fired 0
607,auffz,Profile-Visual+Weste,2022-12-07 14:30:02.712945,weapon_fired 1
608,auffz,Profile-Visual+Weste,2022-12-07 14:30:02.767958,hp 460
609,auffz,Profile-Visual+Weste,2022-12-07 14:30:02.769959,armor 91
610,auffz,Profile-Visual+Weste,2022-12-07 14:30:02.776960,hp 460
611,auffz,Profile-Visual+Weste,2022-12-07 14:30:02.779960,armor 91
612,auffz,Profile-Visual+Weste,2022-12-07 14:30:02.782961,shielded hit
613,auffz,Profile-Visual+Weste,2022-12-07 14:30:02.785961,hp 460
614,auffz,Profile-Visual+Weste,2022-12-07 14:30:02.788963,armor 91
615,auffz,Profile-Visual+Weste,2022-12-07 14:30:02.791963,health_subtracted 0
616,auffz,Profile-Visual+Weste,2022-12-07 14:30:03.267074,hp 460
617,auffz,Profile-Visual+Weste,2022-12-07 14:30:03.270075,armor 71
618,auffz,Profile-Visual+Weste,2022-12-07 14:30:03.274076,shielded hit
619,auffz,Profile-Visual+Weste,2022-12-07 14:30:03.278077,hp 460
620,auffz,Profile-Visual+Weste,2022-12-07 14:30:03.281078,armor 71
621,auffz,Profile-Visual+Weste,2022-12-07 14:30:03.285079,hp 460
622,auffz,Profile-Visual+Weste,2022-12-07 14:30:03.287079,armor 71
623,auffz,Profile-Visual+Weste,2022-12-07 14:30:03.291080,health_subtracted 0
624,auffz,Profile-Visual+Weste,2022-12-07 14:30:03.364097,weapon_fired 0
625,auffz,Profile-Visual+Weste,2022-12-07 14:30:03.716176,weapon_fired 0
626,auffz,Profile-Visual+Weste,2022-12-07 14:30:04.106265,weapon_fired 0
627,auffz,Profile-Visual+Weste,2022-12-07 14:30:04.118268,weapon_fired 1
628,auffz,Profile-Visual+Weste,2022-12-07 14:30:05.608510,stance_crouched 0
629,auffz,Profile-Visual+Weste,2022-12-07 14:30:06.448704,hp 460
630,auffz,Profile-Visual+Weste,2022-12-07 14:30:06.450704,armor 51
631,auffz,Profile-Visual+Weste,2022-12-07 14:30:06.453705,auto regenerate armor
632,auffz,Profile-Visual+Weste,2022-12-07 14:30:06.745771,weapon_fired 0
633,auffz,Profile-Visual+Weste,2022-12-07 14:30:06.830793,weapon_fired 0
634,auffz,Profile-Visual+Weste,2022-12-07 14:30:06.915812,weapon_fired 0
635,auffz,Profile-Visual+Weste,2022-12-07 14:30:06.974826,weapon_fired 0
636,auffz,Profile-Visual+Weste,2022-12-07 14:30:07.036840,weapon_fired 0
637,auffz,Profile-Visual+Weste,2022-12-07 14:30:07.119859,weapon_fired 0
638,auffz,Profile-Visual+Weste,2022-12-07 14:30:07.174872,weapon_fired 0
639,auffz,Profile-Visual+Weste,2022-12-07 14:30:07.260891,weapon_fired 0
640,auffz,Profile-Visual+Weste,2022-12-07 14:30:07.312902,weapon_fired 0
641,auffz,Profile-Visual+Weste,2022-12-07 14:30:07.378917,weapon_fired 0
642,auffz,Profile-Visual+Weste,2022-12-07 14:30:07.455935,weapon_fired 0
643,auffz,Profile-Visual+Weste,2022-12-07 14:30:07.514948,weapon_fired 0
644,auffz,Profile-Visual+Weste,2022-12-07 14:30:07.595967,weapon_fired 0
645,auffz,Profile-Visual+Weste,2022-12-07 14:30:07.653980,weapon_fired 0
646,auffz,Profile-Visual+Weste,2022-12-07 14:30:07.708992,weapon_fired 0
647,auffz,Profile-Visual+Weste,2022-12-07 14:30:07.785010,weapon_fired 0
648,auffz,Profile-Visual+Weste,2022-12-07 14:30:07.871029,weapon_fired 0
649,auffz,Profile-Visual+Weste,2022-12-07 14:30:08.355139,stance_crouched 0
650,auffz,Profile-Visual+Weste,2022-12-07 14:30:10.424955,weapon_fired 0
651,auffz,Profile-Visual+Weste,2022-12-07 14:30:10.499972,weapon_fired 0
652,auffz,Profile-Visual+Weste,2022-12-07 14:30:10.575989,weapon_fired 0
653,auffz,Profile-Visual+Weste,2022-12-07 14:30:10.652006,weapon_fired 0
654,auffz,Profile-Visual+Weste,2022-12-07 14:30:10.724022,weapon_fired 0
655,auffz,Profile-Visual+Weste,2022-12-07 14:30:10.796039,weapon_fired 0
656,auffz,Profile-Visual+Weste,2022-12-07 14:30:10.871056,weapon_fired 0
657,auffz,Profile-Visual+Weste,2022-12-07 14:30:10.926068,weapon_fired 0
658,auffz,Profile-Visual+Weste,2022-12-07 14:30:10.966077,hp 460
659,auffz,Profile-Visual+Weste,2022-12-07 14:30:10.968078,armor 91
660,auffz,Profile-Visual+Weste,2022-12-07 14:30:10.972079,shielded hit
661,auffz,Profile-Visual+Weste,2022-12-07 14:30:10.977080,hp 460
662,auffz,Profile-Visual+Weste,2022-12-07 14:30:10.980080,armor 91
663,auffz,Profile-Visual+Weste,2022-12-07 14:30:10.983081,hp 460
664,auffz,Profile-Visual+Weste,2022-12-07 14:30:10.986082,armor 91
665,auffz,Profile-Visual+Weste,2022-12-07 14:30:10.989082,health_subtracted 0
666,auffz,Profile-Visual+Weste,2022-12-07 14:30:11.027091,weapon_fired 0
667,auffz,Profile-Visual+Weste,2022-12-07 14:30:11.104109,weapon_fired 0
668,auffz,Profile-Visual+Weste,2022-12-07 14:30:11.160121,weapon_fired 0
669,auffz,Profile-Visual+Weste,2022-12-07 14:30:11.242139,weapon_fired 0
670,auffz,Profile-Visual+Weste,2022-12-07 14:30:11.307155,weapon_fired 0
671,auffz,Profile-Visual+Weste,2022-12-07 14:30:11.400176,weapon_fired 0
672,auffz,Profile-Visual+Weste,2022-12-07 14:30:11.444186,weapon_fired 0
673,auffz,Profile-Visual+Weste,2022-12-07 14:30:11.522203,weapon_fired 0
674,auffz,Profile-Visual+Weste,2022-12-07 14:30:11.605222,weapon_fired 0
675,auffz,Profile-Visual+Weste,2022-12-07 14:30:11.657234,weapon_fired 0
676,auffz,Profile-Visual+Weste,2022-12-07 14:30:11.714246,weapon_fired 0
677,auffz,Profile-Visual+Weste,2022-12-07 14:30:11.782262,weapon_fired 0
678,auffz,Profile-Visual+Weste,2022-12-07 14:30:11.800266,shielded hit
679,auffz,Profile-Visual+Weste,2022-12-07 14:30:11.806268,hp 460
680,auffz,Profile-Visual+Weste,2022-12-07 14:30:11.808268,armor 61
681,auffz,Profile-Visual+Weste,2022-12-07 14:30:11.812269,hp 460
682,auffz,Profile-Visual+Weste,2022-12-07 14:30:11.814269,armor 61
683,auffz,Profile-Visual+Weste,2022-12-07 14:30:11.818271,hp 460
684,auffz,Profile-Visual+Weste,2022-12-07 14:30:11.821271,armor 61
685,auffz,Profile-Visual+Weste,2022-12-07 14:30:11.824271,health_subtracted 0
686,auffz,Profile-Visual+Weste,2022-12-07 14:30:11.875284,weapon_fired 0
687,auffz,Profile-Visual+Weste,2022-12-07 14:30:12.657461,stance_crouched 0
688,auffz,Profile-Visual+Weste,2022-12-07 14:30:13.631682,weapon_fired 0
689,auffz,Profile-Visual+Weste,2022-12-07 14:30:13.870736,hp 460
690,auffz,Profile-Visual+Weste,2022-12-07 14:30:13.872736,armor 31
691,auffz,Profile-Visual+Weste,2022-12-07 14:30:13.876737,auto regenerate armor
692,auffz,Profile-Visual+Weste,2022-12-07 14:30:14.208812,hp 460
693,auffz,Profile-Visual+Weste,2022-12-07 14:30:14.210813,armor 90
694,auffz,Profile-Visual+Weste,2022-12-07 14:30:14.213815,shielded hit
695,auffz,Profile-Visual+Weste,2022-12-07 14:30:14.219815,hp 460
696,auffz,Profile-Visual+Weste,2022-12-07 14:30:14.221815,armor 90
697,auffz,Profile-Visual+Weste,2022-12-07 14:30:14.224816,hp 460
698,auffz,Profile-Visual+Weste,2022-12-07 14:30:14.226816,armor 90
699,auffz,Profile-Visual+Weste,2022-12-07 14:30:14.230818,health_subtracted 0
700,auffz,Profile-Visual+Weste,2022-12-07 14:30:14.847957,hp 460
701,auffz,Profile-Visual+Weste,2022-12-07 14:30:14.849958,armor 83
702,auffz,Profile-Visual+Weste,2022-12-07 14:30:14.853959,shielded hit
703,auffz,Profile-Visual+Weste,2022-12-07 14:30:14.858960,hp 460
704,auffz,Profile-Visual+Weste,2022-12-07 14:30:14.861961,armor 83
705,auffz,Profile-Visual+Weste,2022-12-07 14:30:14.864961,hp 460
706,auffz,Profile-Visual+Weste,2022-12-07 14:30:14.866961,armor 83
707,auffz,Profile-Visual+Weste,2022-12-07 14:30:14.869962,health_subtracted 0
708,auffz,Profile-Visual+Weste,2022-12-07 14:30:15.752162,stance_crouched 1
709,auffz,Profile-Visual+Weste,2022-12-07 14:30:17.341523,auto regenerate armor
710,auffz,Profile-Visual+Weste,2022-12-07 14:30:17.350525,hp 460
711,auffz,Profile-Visual+Weste,2022-12-07 14:30:17.353525,armor 79
712,auffz,Profile-Visual+Weste,2022-12-07 14:30:19.927109,hp 460
713,auffz,Profile-Visual+Weste,2022-12-07 14:30:19.929109,armor 91
714,auffz,Profile-Visual+Weste,2022-12-07 14:30:19.934111,auto regenerate armor
715,auffz,Profile-Visual+Weste,2022-12-07 14:30:21.811065,stance_crouched 1
716,auffz,Profile-Visual+Weste,2022-12-07 14:30:25.419279,hp 460
717,auffz,Profile-Visual+Weste,2022-12-07 14:30:25.421280,armor 91
718,auffz,Profile-Visual+Weste,2022-12-07 14:30:25.424281,shielded hit
719,auffz,Profile-Visual+Weste,2022-12-07 14:30:25.430282,hp 460
720,auffz,Profile-Visual+Weste,2022-12-07 14:30:25.433283,armor 91
721,auffz,Profile-Visual+Weste,2022-12-07 14:30:25.437284,hp 460
722,auffz,Profile-Visual+Weste,2022-12-07 14:30:25.439284,armor 91
723,auffz,Profile-Visual+Weste,2022-12-07 14:30:25.442285,health_subtracted 0
724,auffz,Profile-Visual+Weste,2022-12-07 14:30:25.754356,stance_crouched 1
725,auffz,Profile-Visual+Weste,2022-12-07 14:30:25.961403,shielded hit
726,auffz,Profile-Visual+Weste,2022-12-07 14:30:25.967404,hp 460
727,auffz,Profile-Visual+Weste,2022-12-07 14:30:25.970405,armor 61
728,auffz,Profile-Visual+Weste,2022-12-07 14:30:25.974405,hp 460
729,auffz,Profile-Visual+Weste,2022-12-07 14:30:25.976406,armor 61
730,auffz,Profile-Visual+Weste,2022-12-07 14:30:25.979407,hp 460
731,auffz,Profile-Visual+Weste,2022-12-07 14:30:25.981407,armor 61
732,auffz,Profile-Visual+Weste,2022-12-07 14:30:25.984408,health_subtracted 0
733,auffz,Profile-Visual+Weste,2022-12-07 14:30:26.386064,weapon_fired 0
734,auffz,Profile-Visual+Weste,2022-12-07 14:30:26.390065,killed an enemy
735,auffz,Profile-Visual+Weste,2022-12-07 14:30:27.233072,weapon_fired 0
736,auffz,Profile-Visual+Weste,2022-12-07 14:30:27.236073,weapon_fired 1
737,auffz,Profile-Visual+Weste,2022-12-07 14:30:28.033504,weapon_fired 0
738,auffz,Profile-Visual+Weste,2022-12-07 14:30:28.037505,weapon_fired 1
739,auffz,Profile-Visual+Weste,2022-12-07 14:30:28.376962,hp 460
740,auffz,Profile-Visual+Weste,2022-12-07 14:30:28.378962,armor 31
741,auffz,Profile-Visual+Weste,2022-12-07 14:30:28.381964,auto regenerate armor
742,auffz,Profile-Visual+Weste,2022-12-07 14:30:28.469983,weapon_fired 0
743,auffz,Profile-Visual+Weste,2022-12-07 14:30:28.473985,weapon_fired 1
744,auffz,Profile-Visual+Weste,2022-12-07 14:30:28.987101,weapon_fired 0
745,auffz,Profile-Visual+Weste,2022-12-07 14:30:30.359234,stance_crouched 0
746,auffz,Profile-Visual+Weste,2022-12-07 14:30:30.455255,stance_crouched 0
747,auffz,Profile-Visual+Weste,2022-12-07 14:30:31.275441,weapon_fired 0
748,auffz,Profile-Visual+Weste,2022-12-07 14:30:31.338456,weapon_fired 0
749,auffz,Profile-Visual+Weste,2022-12-07 14:30:31.408472,hp 460
750,auffz,Profile-Visual+Weste,2022-12-07 14:30:31.410472,armor 91
751,auffz,Profile-Visual+Weste,2022-12-07 14:30:31.414473,killed an enemy
752,auffz,Profile-Visual+Weste,2022-12-07 14:30:31.419474,weapon_fired 1
753,auffz,Profile-Visual+Weste,2022-12-07 14:30:31.423475,enemy_headshot
754,auffz,Profile-Visual+Weste,2022-12-07 14:30:31.493491,killed an enemy
755,auffz,Profile-Visual+Weste,2022-12-07 14:30:31.497492,weapon_fired 1
756,auffz,Profile-Visual+Weste,2022-12-07 14:30:31.501493,enemy_headshot
757,auffz,Profile-Visual+Weste,2022-12-07 14:30:31.569063,weapon_fired 0
758,auffz,Profile-Visual+Weste,2022-12-07 14:30:31.645080,weapon_fired 0
759,auffz,Profile-Visual+Weste,2022-12-07 14:30:31.708095,weapon_fired 0
760,auffz,Profile-Visual+Weste,2022-12-07 14:30:31.786112,weapon_fired 0
761,auffz,Profile-Visual+Weste,2022-12-07 14:30:31.842125,weapon_fired 0
762,auffz,Profile-Visual+Weste,2022-12-07 14:30:31.917141,weapon_fired 0
763,auffz,Profile-Visual+Weste,2022-12-07 14:30:31.981157,weapon_fired 0
764,auffz,Profile-Visual+Weste,2022-12-07 14:30:32.032168,weapon_fired 0
765,auffz,Profile-Visual+Weste,2022-12-07 14:30:32.097183,weapon_fired 0
766,auffz,Profile-Visual+Weste,2022-12-07 14:30:32.171200,killed an enemy
767,auffz,Profile-Visual+Weste,2022-12-07 14:30:32.176200,weapon_fired 1
768,auffz,Profile-Visual+Weste,2022-12-07 14:30:32.180201,enemy_headshot
769,auffz,Profile-Visual+Weste,2022-12-07 14:30:32.248217,weapon_fired 1
770,auffz,Profile-Visual+Weste,2022-12-07 14:30:32.254220,killed an enemy
771,auffz,Profile-Visual+Weste,2022-12-07 14:30:32.320233,weapon_fired 0
772,auffz,Profile-Visual+Weste,2022-12-07 14:30:32.404252,weapon_fired 0
773,auffz,Profile-Visual+Weste,2022-12-07 14:30:32.466266,weapon_fired 0
774,auffz,Profile-Visual+Weste,2022-12-07 14:30:32.537284,weapon_fired 0
775,auffz,Profile-Visual+Weste,2022-12-07 14:30:32.621304,weapon_fired 0
776,auffz,Profile-Visual+Weste,2022-12-07 14:30:32.680317,weapon_fired 0
777,auffz,Profile-Visual+Weste,2022-12-07 14:30:32.760335,weapon_fired 0
778,auffz,Profile-Visual+Weste,2022-12-07 14:30:32.824350,weapon_fired 0
779,auffz,Profile-Visual+Weste,2022-12-07 14:30:32.877362,weapon_fired 0
780,auffz,Profile-Visual+Weste,2022-12-07 14:30:32.945718,weapon_fired 0
781,auffz,Profile-Visual+Weste,2022-12-07 14:30:33.013734,enemy_headshot
782,auffz,Profile-Visual+Weste,2022-12-07 14:30:33.017734,killed an enemy
783,auffz,Profile-Visual+Weste,2022-12-07 14:30:33.021735,weapon_fired 1
784,auffz,Profile-Visual+Weste,2022-12-07 14:30:33.086750,weapon_fired 0
785,auffz,Profile-Visual+Weste,2022-12-07 14:30:33.160767,weapon_fired 0
786,auffz,Profile-Visual+Weste,2022-12-07 14:30:33.240785,weapon_fired 0
787,auffz,Profile-Visual+Weste,2022-12-07 14:30:33.301799,weapon_fired 0
788,auffz,Profile-Visual+Weste,2022-12-07 14:30:33.377816,enemy_headshot
789,auffz,Profile-Visual+Weste,2022-12-07 14:30:33.381817,killed an enemy
790,auffz,Profile-Visual+Weste,2022-12-07 14:30:33.384818,weapon_fired 1
791,auffz,Profile-Visual+Weste,2022-12-07 14:30:33.459835,weapon_fired 0
792,auffz,Profile-Visual+Weste,2022-12-07 14:30:33.529851,weapon_fired 0
793,auffz,Profile-Visual+Weste,2022-12-07 14:30:33.595866,weapon_fired 0
794,auffz,Profile-Visual+Weste,2022-12-07 14:30:33.641876,weapon_fired 0
795,auffz,Profile-Visual+Weste,2022-12-07 14:30:33.697889,weapon_fired 0
796,auffz,Profile-Visual+Weste,2022-12-07 14:30:33.773908,weapon_fired 0
797,auffz,Profile-Visual+Weste,2022-12-07 14:30:33.831919,weapon_fired 0
798,auffz,Profile-Visual+Weste,2022-12-07 14:30:33.895934,weapon_fired 0
799,auffz,Profile-Visual+Weste,2022-12-07 14:30:33.960949,weapon_fired 0
800,auffz,Profile-Visual+Weste,2022-12-07 14:30:34.028964,weapon_fired 0
801,auffz,Profile-Visual+Weste,2022-12-07 14:30:36.705853,weapon_fired 0
802,auffz,Profile-Visual+Weste,2022-12-07 14:30:36.791873,weapon_fired 0
803,auffz,Profile-Visual+Weste,2022-12-07 14:30:36.874891,weapon_fired 0
804,auffz,Profile-Visual+Weste,2022-12-07 14:30:36.945907,weapon_fired 0
805,auffz,Profile-Visual+Weste,2022-12-07 14:30:37.015411,weapon_fired 0
806,auffz,Profile-Visual+Weste,2022-12-07 14:30:37.077425,weapon_fired 0
807,auffz,Profile-Visual+Weste,2022-12-07 14:30:37.152441,weapon_fired 0
808,auffz,Profile-Visual+Weste,2022-12-07 14:30:37.480516,weapon_fired 0
809,auffz,Profile-Visual+Weste,2022-12-07 14:30:37.554946,weapon_fired 0
810,auffz,Profile-Visual+Weste,2022-12-07 14:30:37.622961,weapon_fired 0
811,auffz,Profile-Visual+Weste,2022-12-07 14:30:37.708981,weapon_fired 1
812,auffz,Profile-Visual+Weste,2022-12-07 14:30:37.774997,weapon_fired 0
813,auffz,Profile-Visual+Weste,2022-12-07 14:30:37.856015,weapon_fired 0
814,auffz,Profile-Visual+Weste,2022-12-07 14:30:37.922029,weapon_fired 0
815,auffz,Profile-Visual+Weste,2022-12-07 14:30:38.001048,weapon_fired 0
816,auffz,Profile-Visual+Weste,2022-12-07 14:30:38.067062,weapon_fired 0
817,auffz,Profile-Visual+Weste,2022-12-07 14:30:38.142079,killed an enemy
818,auffz,Profile-Visual+Weste,2022-12-07 14:30:38.146080,weapon_fired 1
819,auffz,Profile-Visual+Weste,2022-12-07 14:30:38.210095,weapon_fired 0
820,auffz,Profile-Visual+Weste,2022-12-07 14:30:38.273109,weapon_fired 0
821,auffz,Profile-Visual+Weste,2022-12-07 14:30:38.353127,weapon_fired 0
822,auffz,Profile-Visual+Weste,2022-12-07 14:30:38.422343,weapon_fired 0
823,auffz,Profile-Visual+Weste,2022-12-07 14:30:38.623760,hp 460
824,auffz,Profile-Visual+Weste,2022-12-07 14:30:38.625760,armor 91
825,auffz,Profile-Visual+Weste,2022-12-07 14:30:38.629761,shielded hit
826,auffz,Profile-Visual+Weste,2022-12-07 14:30:38.640764,health_subtracted 0
827,auffz,Profile-Visual+Weste,2022-12-07 14:30:38.643764,hp 460
828,auffz,Profile-Visual+Weste,2022-12-07 14:30:38.645764,armor 91
829,auffz,Profile-Visual+Weste,2022-12-07 14:30:38.649766,hp 460
830,auffz,Profile-Visual+Weste,2022-12-07 14:30:38.651766,armor 91
831,auffz,Profile-Visual+Weste,2022-12-07 14:30:39.096747,weapon_fired 0
832,auffz,Profile-Visual+Weste,2022-12-07 14:30:39.174766,weapon_fired 0
833,auffz,Profile-Visual+Weste,2022-12-07 14:30:39.247782,weapon_fired 0
834,auffz,Profile-Visual+Weste,2022-12-07 14:30:39.318798,weapon_fired 0
835,auffz,Profile-Visual+Weste,2022-12-07 14:30:39.380812,weapon_fired 0
836,auffz,Profile-Visual+Weste,2022-12-07 14:30:39.397816,hp 460
837,auffz,Profile-Visual+Weste,2022-12-07 14:30:39.400816,armor 71
838,auffz,Profile-Visual+Weste,2022-12-07 14:30:39.404818,shielded hit
839,auffz,Profile-Visual+Weste,2022-12-07 14:30:39.409818,hp 460
840,auffz,Profile-Visual+Weste,2022-12-07 14:30:39.412819,armor 71
841,auffz,Profile-Visual+Weste,2022-12-07 14:30:39.415820,hp 460
842,auffz,Profile-Visual+Weste,2022-12-07 14:30:39.417820,armor 71
843,auffz,Profile-Visual+Weste,2022-12-07 14:30:39.420821,health_subtracted 0
844,auffz,Profile-Visual+Weste,2022-12-07 14:30:39.686881,weapon_fired 0
845,auffz,Profile-Visual+Weste,2022-12-07 14:30:39.770897,weapon_fired 0
846,auffz,Profile-Visual+Weste,2022-12-07 14:30:39.838913,weapon_fired 1
847,auffz,Profile-Visual+Weste,2022-12-07 14:30:39.909929,weapon_fired 0
848,auffz,Profile-Visual+Weste,2022-12-07 14:30:39.977944,weapon_fired 0
849,auffz,Profile-Visual+Weste,2022-12-07 14:30:39.983946,hp 460
850,auffz,Profile-Visual+Weste,2022-12-07 14:30:39.985946,armor 51
851,auffz,Profile-Visual+Weste,2022-12-07 14:30:39.988947,shielded hit
852,auffz,Profile-Visual+Weste,2022-12-07 14:30:39.995948,hp 460
853,auffz,Profile-Visual+Weste,2022-12-07 14:30:39.997949,armor 51
854,auffz,Profile-Visual+Weste,2022-12-07 14:30:40.000950,hp 460
855,auffz,Profile-Visual+Weste,2022-12-07 14:30:40.003950,armor 51
856,auffz,Profile-Visual+Weste,2022-12-07 14:30:40.006951,health_subtracted 0
857,auffz,Profile-Visual+Weste,2022-12-07 14:30:40.079968,weapon_fired 0
858,auffz,Profile-Visual+Weste,2022-12-07 14:30:40.149983,weapon_fired 0
859,auffz,Profile-Visual+Weste,2022-12-07 14:30:40.214998,weapon_fired 0
860,auffz,Profile-Visual+Weste,2022-12-07 14:30:40.275011,weapon_fired 0
861,auffz,Profile-Visual+Weste,2022-12-07 14:30:40.335025,weapon_fired 0
862,auffz,Profile-Visual+Weste,2022-12-07 14:30:40.394039,weapon_fired 0
863,auffz,Profile-Visual+Weste,2022-12-07 14:30:40.461054,weapon_fired 0
864,auffz,Profile-Visual+Weste,2022-12-07 14:30:40.518067,weapon_fired 0
865,auffz,Profile-Visual+Weste,2022-12-07 14:30:40.579081,weapon_fired 0
866,auffz,Profile-Visual+Weste,2022-12-07 14:30:40.648096,weapon_fired 0
867,auffz,Profile-Visual+Weste,2022-12-07 14:30:40.718112,weapon_fired 0
868,auffz,Profile-Visual+Weste,2022-12-07 14:30:40.788128,weapon_fired 0
869,auffz,Profile-Visual+Weste,2022-12-07 14:30:40.857144,weapon_fired 0
870,auffz,Profile-Visual+Weste,2022-12-07 14:30:40.924158,weapon_fired 0
871,auffz,Profile-Visual+Weste,2022-12-07 14:30:42.044290,stance_crouched 1
872,auffz,Profile-Visual+Weste,2022-12-07 14:30:42.424376,hp 460
873,auffz,Profile-Visual+Weste,2022-12-07 14:30:42.426377,armor 31
874,auffz,Profile-Visual+Weste,2022-12-07 14:30:42.429377,auto regenerate armor
875,auffz,Profile-Visual+Weste,2022-12-07 14:30:44.226616,stance_crouched 0
876,auffz,Profile-Visual+Weste,2022-12-07 14:30:45.826442,weapon_fired 0
877,auffz,Profile-Visual+Weste,2022-12-07 14:30:45.902459,weapon_fired 0
878,auffz,Profile-Visual+Weste,2022-12-07 14:30:45.957471,weapon_fired 0
879,auffz,Profile-Visual+Weste,2022-12-07 14:30:46.032488,weapon_fired 0
880,auffz,Profile-Visual+Weste,2022-12-07 14:30:46.465959,weapon_fired 0
881,auffz,Profile-Visual+Weste,2022-12-07 14:30:46.534974,weapon_fired 0
882,auffz,Profile-Visual+Weste,2022-12-07 14:30:46.595970,weapon_fired 1
883,auffz,Profile-Visual+Weste,2022-12-07 14:30:46.652983,weapon_fired 0
884,auffz,Profile-Visual+Weste,2022-12-07 14:30:46.725999,weapon_fired 0
885,auffz,Profile-Visual+Weste,2022-12-07 14:30:46.788014,killed an enemy
886,auffz,Profile-Visual+Weste,2022-12-07 14:30:46.792015,weapon_fired 1
887,auffz,Profile-Visual+Weste,2022-12-07 14:30:46.870033,weapon_fired 0
888,auffz,Profile-Visual+Weste,2022-12-07 14:30:46.933047,weapon_fired 0
889,auffz,Profile-Visual+Weste,2022-12-07 14:30:47.014065,weapon_fired 0
890,auffz,Profile-Visual+Weste,2022-12-07 14:30:47.081081,weapon_fired 0
891,auffz,Profile-Visual+Weste,2022-12-07 14:30:47.836251,weapon_fired 0
892,auffz,Profile-Visual+Weste,2022-12-07 14:30:47.910269,weapon_fired 1
893,auffz,Profile-Visual+Weste,2022-12-07 14:30:47.982469,weapon_fired 0
894,auffz,Profile-Visual+Weste,2022-12-07 14:30:48.044483,weapon_fired 0
895,auffz,Profile-Visual+Weste,2022-12-07 14:30:48.117500,weapon_fired 0
896,auffz,Profile-Visual+Weste,2022-12-07 14:30:48.201519,weapon_fired 0
897,auffz,Profile-Visual+Weste,2022-12-07 14:30:48.262532,weapon_fired 0
898,auffz,Profile-Visual+Weste,2022-12-07 14:30:48.346552,weapon_fired 0
899,auffz,Profile-Visual+Weste,2022-12-07 14:30:48.409566,weapon_fired 0
900,auffz,Profile-Visual+Weste,2022-12-07 14:30:48.473581,weapon_fired 0
901,auffz,Profile-Visual+Weste,2022-12-07 14:30:48.487584,stance_crouched 1
902,auffz,Profile-Visual+Weste,2022-12-07 14:30:49.724863,stance_crouched 0
903,auffz,Profile-Visual+Weste,2022-12-07 14:30:51.731523,stance_crouched 0
904,auffz,Profile-Visual+Weste,2022-12-07 14:30:51.960576,weapon_fired 0
905,auffz,Profile-Visual+Weste,2022-12-07 14:30:52.035843,weapon_fired 0
906,auffz,Profile-Visual+Weste,2022-12-07 14:30:52.101858,killed an enemy
907,auffz,Profile-Visual+Weste,2022-12-07 14:30:52.104858,weapon_fired 1
908,auffz,Profile-Visual+Weste,2022-12-07 14:30:52.169873,weapon_fired 0
909,auffz,Profile-Visual+Weste,2022-12-07 14:30:52.243890,weapon_fired 1
910,auffz,Profile-Visual+Weste,2022-12-07 14:30:52.311905,hp 460
911,auffz,Profile-Visual+Weste,2022-12-07 14:30:52.313906,armor 91
912,auffz,Profile-Visual+Weste,2022-12-07 14:30:52.316907,enemy_headshot
913,auffz,Profile-Visual+Weste,2022-12-07 14:30:52.320907,killed an enemy
914,auffz,Profile-Visual+Weste,2022-12-07 14:30:52.323908,weapon_fired 1
915,auffz,Profile-Visual+Weste,2022-12-07 14:30:52.402926,weapon_fired 0
916,auffz,Profile-Visual+Weste,2022-12-07 14:30:52.467941,weapon_fired 0
917,auffz,Profile-Visual+Weste,2022-12-07 14:30:52.527954,weapon_fired 0
918,auffz,Profile-Visual+Weste,2022-12-07 14:30:52.592969,weapon_fired 0
919,auffz,Profile-Visual+Weste,2022-12-07 14:30:52.658984,weapon_fired 0
920,auffz,Profile-Visual+Weste,2022-12-07 14:30:52.996061,stance_crouched 0
921,auffz,Profile-Visual+Weste,2022-12-07 14:30:54.269722,stance_crouched 0
922,auffz,Profile-Visual+Weste,2022-12-07 14:30:54.522779,weapon_fired 0
923,auffz,Profile-Visual+Weste,2022-12-07 14:30:54.598796,weapon_fired 1
924,auffz,Profile-Visual+Weste,2022-12-07 14:30:54.603797,killed an enemy
925,auffz,Profile-Visual+Weste,2022-12-07 14:30:54.675813,weapon_fired 0
926,auffz,Profile-Visual+Weste,2022-12-07 14:30:54.748351,weapon_fired 0
927,auffz,Profile-Visual+Weste,2022-12-07 14:30:54.818365,weapon_fired 0
928,auffz,Profile-Visual+Weste,2022-12-07 14:30:54.889381,weapon_fired 0
929,auffz,Profile-Visual+Weste,2022-12-07 14:30:54.958398,weapon_fired 0
930,auffz,Profile-Visual+Weste,2022-12-07 14:30:55.031413,hp 460
931,auffz,Profile-Visual+Weste,2022-12-07 14:30:55.033414,armor 91
932,auffz,Profile-Visual+Weste,2022-12-07 14:30:55.037416,enemy_headshot
933,auffz,Profile-Visual+Weste,2022-12-07 14:30:55.041416,killed an enemy
934,auffz,Profile-Visual+Weste,2022-12-07 14:30:55.050418,weapon_fired 1
935,auffz,Profile-Visual+Weste,2022-12-07 14:30:55.100430,weapon_fired 0
936,auffz,Profile-Visual+Weste,2022-12-07 14:30:55.161443,weapon_fired 0
937,auffz,Profile-Visual+Weste,2022-12-07 14:30:55.236460,weapon_fired 0
938,auffz,Profile-Visual+Weste,2022-12-07 14:30:55.308477,weapon_fired 0
939,auffz,Profile-Visual+Weste,2022-12-07 14:30:55.380493,weapon_fired 0
940,auffz,Profile-Visual+Weste,2022-12-07 14:30:55.449509,weapon_fired 0
941,auffz,Profile-Visual+Weste,2022-12-07 14:30:55.682561,stance_crouched 0
942,auffz,Profile-Visual+Weste,2022-12-07 14:30:56.806156,hp 460
943,auffz,Profile-Visual+Weste,2022-12-07 14:30:56.808157,armor 91
944,auffz,Profile-Visual+Weste,2022-12-07 14:30:56.811157,auto regenerate armor
945,auffz,Profile-Visual+Weste,2022-12-07 14:30:59.489230,stance_crouched 0
946,auffz,Profile-Visual+Weste,2022-12-07 14:30:59.721283,weapon_fired 0
947,auffz,Profile-Visual+Weste,2022-12-07 14:30:59.798300,weapon_fired 0
948,auffz,Profile-Visual+Weste,2022-12-07 14:30:59.865316,weapon_fired 0
949,auffz,Profile-Visual+Weste,2022-12-07 14:30:59.939332,weapon_fired 0
950,auffz,Profile-Visual+Weste,2022-12-07 14:31:00.008348,weapon_fired 1
951,auffz,Profile-Visual+Weste,2022-12-07 14:31:00.075775,killed an enemy
952,auffz,Profile-Visual+Weste,2022-12-07 14:31:00.079776,weapon_fired 1
953,auffz,Profile-Visual+Weste,2022-12-07 14:31:00.158793,weapon_fired 0
954,auffz,Profile-Visual+Weste,2022-12-07 14:31:00.222808,weapon_fired 0
955,auffz,Profile-Visual+Weste,2022-12-07 14:31:00.295824,weapon_fired 0
956,auffz,Profile-Visual+Weste,2022-12-07 14:31:00.373842,weapon_fired 0
957,auffz,Profile-Visual+Weste,2022-12-07 14:31:00.437857,weapon_fired 0
958,auffz,Profile-Visual+Weste,2022-12-07 14:31:00.507872,weapon_fired 0
959,auffz,Profile-Visual+Weste,2022-12-07 14:31:00.578889,weapon_fired 1
960,auffz,Profile-Visual+Weste,2022-12-07 14:31:00.582889,hp 460
961,auffz,Profile-Visual+Weste,2022-12-07 14:31:00.585890,armor 91
962,auffz,Profile-Visual+Weste,2022-12-07 14:31:00.589891,shielded hit
963,auffz,Profile-Visual+Weste,2022-12-07 14:31:00.594892,hp 460
964,auffz,Profile-Visual+Weste,2022-12-07 14:31:00.597893,armor 91
965,auffz,Profile-Visual+Weste,2022-12-07 14:31:00.600893,hp 460
966,auffz,Profile-Visual+Weste,2022-12-07 14:31:00.602894,armor 91
967,auffz,Profile-Visual+Weste,2022-12-07 14:31:00.605895,health_subtracted 0
968,auffz,Profile-Visual+Weste,2022-12-07 14:31:00.658907,weapon_fired 0
969,auffz,Profile-Visual+Weste,2022-12-07 14:31:00.798939,stance_crouched 0
970,auffz,Profile-Visual+Weste,2022-12-07 14:31:01.026990,stance_crouched 0
971,auffz,Profile-Visual+Weste,2022-12-07 14:31:01.561858,stance_crouched 0
972,auffz,Profile-Visual+Weste,2022-12-07 14:31:02.359032,stance_crouched 1
973,auffz,Profile-Visual+Weste,2022-12-07 14:31:04.910849,hp 460
974,auffz,Profile-Visual+Weste,2022-12-07 14:31:04.913850,armor 87
975,auffz,Profile-Visual+Weste,2022-12-07 14:31:04.916851,auto regenerate armor
976,auffz,Profile-Visual+Weste,2022-12-07 14:31:05.113895,stance_crouched 1
977,auffz,Profile-Visual+Weste,2022-12-07 14:31:05.716113,stance_crouched 0
978,auffz,Profile-Visual+Weste,2022-12-07 14:31:05.873148,stance_crouched 0
979,auffz,Profile-Visual+Weste,2022-12-07 14:31:07.865525,weapon_fired 0
980,auffz,Profile-Visual+Weste,2022-12-07 14:31:07.942542,weapon_fired 0
981,auffz,Profile-Visual+Weste,2022-12-07 14:31:08.007557,weapon_fired 0
982,auffz,Profile-Visual+Weste,2022-12-07 14:31:08.091576,weapon_fired 0
983,auffz,Profile-Visual+Weste,2022-12-07 14:31:08.159592,weapon_fired 0
984,auffz,Profile-Visual+Weste,2022-12-07 14:31:08.240610,weapon_fired 0
985,auffz,Profile-Visual+Weste,2022-12-07 14:31:08.306625,weapon_fired 0
986,auffz,Profile-Visual+Weste,2022-12-07 14:31:08.387256,weapon_fired 0
987,auffz,Profile-Visual+Weste,2022-12-07 14:31:08.472277,weapon_fired 0
988,auffz,Profile-Visual+Weste,2022-12-07 14:31:08.542292,weapon_fired 0
989,auffz,Profile-Visual+Weste,2022-12-07 14:31:08.599304,weapon_fired 0
990,auffz,Profile-Visual+Weste,2022-12-07 14:31:08.825356,stance_crouched 1
991,auffz,Profile-Visual+Weste,2022-12-07 14:31:09.814443,stance_crouched 1
992,auffz,Profile-Visual+Weste,2022-12-07 14:31:10.078504,stance_crouched 0
993,auffz,Profile-Visual+Weste,2022-12-07 14:31:11.169931,hp 460
994,auffz,Profile-Visual+Weste,2022-12-07 14:31:11.172932,armor 91
995,auffz,Profile-Visual+Weste,2022-12-07 14:31:11.179933,auto regenerate armor
996,auffz,Profile-Visual+Weste,2022-12-07 14:31:11.183934,weapon_fired 0
997,auffz,Profile-Visual+Weste,2022-12-07 14:31:12.143975,weapon_fired 0
998,auffz,Profile-Visual+Weste,2022-12-07 14:31:12.146975,weapon_fired 1
999,auffz,Profile-Visual+Weste,2022-12-07 14:31:13.697327,weapon_fired 0
1000,auffz,Profile-Visual+Weste,2022-12-07 14:31:14.115716,hp 460
1001,auffz,Profile-Visual+Weste,2022-12-07 14:31:14.117716,armor 91
1002,auffz,Profile-Visual+Weste,2022-12-07 14:31:14.120717,shielded hit
1003,auffz,Profile-Visual+Weste,2022-12-07 14:31:14.125719,hp 460
1004,auffz,Profile-Visual+Weste,2022-12-07 14:31:14.128719,armor 91
1005,auffz,Profile-Visual+Weste,2022-12-07 14:31:14.131720,hp 460
1006,auffz,Profile-Visual+Weste,2022-12-07 14:31:14.134720,armor 91
1007,auffz,Profile-Visual+Weste,2022-12-07 14:31:14.137721,health_subtracted 0
1008,auffz,Profile-Visual+Weste,2022-12-07 14:31:14.689847,stance_crouched 1
1009,auffz,Profile-Visual+Weste,2022-12-07 14:31:16.159504,stance_crouched 1
1010,auffz,Profile-Visual+Weste,2022-12-07 14:31:17.356212,hp 460
1011,auffz,Profile-Visual+Weste,2022-12-07 14:31:17.360212,armor 86
1012,auffz,Profile-Visual+Weste,2022-12-07 14:31:17.364214,auto regenerate armor
1013,auffz,Profile-Visual+Weste,2022-12-07 14:31:17.549255,stance_crouched 0
1014,auffz,Profile-Visual+Weste,2022-12-07 14:31:17.890302,hp 460
1015,auffz,Profile-Visual+Weste,2022-12-07 14:31:17.892303,armor 91
1016,auffz,Profile-Visual+Weste,2022-12-07 14:31:17.896304,shielded hit
1017,auffz,Profile-Visual+Weste,2022-12-07 14:31:17.900305,hp 460
1018,auffz,Profile-Visual+Weste,2022-12-07 14:31:17.903305,armor 91
1019,auffz,Profile-Visual+Weste,2022-12-07 14:31:17.906306,hp 460
1020,auffz,Profile-Visual+Weste,2022-12-07 14:31:17.908654,armor 91
1021,auffz,Profile-Visual+Weste,2022-12-07 14:31:17.911307,health_subtracted 0
1022,auffz,Profile-Visual+Weste,2022-12-07 14:31:20.960760,stance_crouched 0
1023,auffz,Profile-Visual+Weste,2022-12-07 14:31:21.690728,stance_crouched 0
1024,auffz,Profile-Visual+Weste,2022-12-07 14:31:22.351829,stance_crouched 0
1025,auffz,Profile-Visual+Weste,2022-12-07 14:31:22.889951,auto regenerate armor
1026,auffz,Profile-Visual+Weste,2022-12-07 14:31:22.895952,hp 460
1027,auffz,Profile-Visual+Weste,2022-12-07 14:31:22.898953,armor 81
1028,auffz,Profile-Visual+Weste,2022-12-07 14:31:23.372912,stance_crouched 0
1029,auffz,Profile-Visual+Weste,2022-12-07 14:31:23.761000,weapon_fired 0
1030,auffz,Profile-Visual+Weste,2022-12-07 14:31:23.847019,weapon_fired 0
1031,auffz,Profile-Visual+Weste,2022-12-07 14:31:23.919036,weapon_fired 0
1032,auffz,Profile-Visual+Weste,2022-12-07 14:31:23.997047,stance_crouched 1
1033,auffz,Profile-Visual+Weste,2022-12-07 14:31:24.510592,weapon_fired 0
1034,auffz,Profile-Visual+Weste,2022-12-07 14:31:24.586610,weapon_fired 0
1035,auffz,Profile-Visual+Weste,2022-12-07 14:31:24.660627,weapon_fired 0
1036,auffz,Profile-Visual+Weste,2022-12-07 14:31:24.728642,weapon_fired 0
1037,auffz,Profile-Visual+Weste,2022-12-07 14:31:25.671977,stance_crouched 0
1038,auffz,Profile-Visual+Weste,2022-12-07 14:31:27.577409,hp 460
1039,auffz,Profile-Visual+Weste,2022-12-07 14:31:27.580410,armor 91
1040,auffz,Profile-Visual+Weste,2022-12-07 14:31:27.584411,shielded hit
1041,auffz,Profile-Visual+Weste,2022-12-07 14:31:27.588411,hp 460
1042,auffz,Profile-Visual+Weste,2022-12-07 14:31:27.591412,armor 91
1043,auffz,Profile-Visual+Weste,2022-12-07 14:31:27.595413,hp 460
1044,auffz,Profile-Visual+Weste,2022-12-07 14:31:27.597414,armor 91
1045,auffz,Profile-Visual+Weste,2022-12-07 14:31:27.600414,health_subtracted 0
1046,auffz,Profile-Visual+Weste,2022-12-07 14:31:29.608870,stance_crouched 1
1047,auffz,Profile-Visual+Weste,2022-12-07 14:31:30.173998,hp 460
1048,auffz,Profile-Visual+Weste,2022-12-07 14:31:30.175998,armor 81
1049,auffz,Profile-Visual+Weste,2022-12-07 14:31:30.179999,auto regenerate armor
1050,auffz,Profile-Visual+Weste,2022-12-07 14:31:30.561085,stance_crouched 1
